benchmark,current_high_count,mae
borehole8,40,7.36284730300816
borehole8,42,7.337749719482187
borehole8,44,7.328288020551546
borehole8,46,7.298697435842477
borehole8,48,7.271790372457196
borehole8,50,7.222233323342496
borehole8,52,7.209259625289517
borehole8,54,7.165575008736154
borehole8,56,7.148936292539358
borehole8,58,7.1292435391948255
borehole8,60,7.038268437728152
borehole8,62,7.022190759688331
borehole8,64,7.006332894164858
borehole8,66,7.014932844275554
borehole8,68,7.016024494435972
borehole8,70,6.909850478459542
borehole8,72,6.893220072297859
borehole8,74,6.800416267734697
borehole8,76,6.756466151634209
borehole8,78,6.6187664872627225
borehole8,80,6.604220825923329
borehole8,82,6.558561353461866
borehole8,84,6.462881485422479
borehole8,86,6.443470994487123
borehole8,88,6.415979992460993
borehole8,90,6.378671676534594
borehole8,92,6.350008906709793
borehole8,94,6.255574458033005
borehole8,96,6.137247771977795
borehole8,98,5.989280751203004
borehole8,100,5.969704124818058
borehole8,102,5.909792524318811
borehole8,104,5.899531372405274
borehole8,106,5.886218486517699
borehole8,108,5.860957280306947
borehole8,110,5.77032803827713
borehole8,112,5.738624270895705
borehole8,114,5.651781934111013
borehole8,116,5.666541615812604
borehole8,118,5.623934531553547
borehole8,120,5.616301658220103
borehole8,122,5.642278709485623
borehole8,124,5.5748903960449026
borehole8,126,5.5357033721050275
borehole8,128,5.470356617643225
borehole8,130,5.402873435719581
borehole8,132,5.373265674130486
borehole8,134,5.3403356124897785
borehole8,136,5.257926874659118
borehole8,138,5.255212908226438
borehole8,140,5.204935377859623
borehole8,142,5.185192506715762
borehole8,144,5.2134967879423755
borehole8,146,5.221219141641702
borehole8,148,5.206898391799926
borehole8,150,5.245175411132346
borehole8,152,5.226503077629856
borehole8,154,5.206671706071578
borehole8,156,5.189533538605454
borehole8,158,5.180847889714603
borehole8,160,5.1442144283497
borehole8,162,5.153171349738259
borehole8,164,5.16433923038281
borehole8,166,5.153662405161648
borehole8,168,5.114461892930864
borehole8,170,5.095608438654119
borehole8,172,5.087564596149881
borehole8,174,5.089110946819261
borehole8,176,5.101547630993886
borehole8,178,5.051620145172842
borehole8,180,4.979362708077264
borehole8,182,4.9640443683665865
borehole8,184,4.928631647852038
borehole8,186,4.915442702584382
borehole8,188,4.876419139894543
borehole8,190,4.8768078542339355
borehole8,192,4.897913650504946
borehole8,194,4.889016506559572
borehole8,196,4.894672835973223
borehole8,198,4.885264443854127
borehole8,200,4.8857129295781725
borehole8,40,32.93526631445107
borehole8,41,32.14347097020354
borehole8,42,31.338504747459822
borehole8,43,30.60173027918473
borehole8,44,29.959312423356437
borehole8,45,29.47650775644662
borehole8,46,29.41094205374045
borehole8,47,29.20993438553944
borehole8,48,29.232876216827087
borehole8,49,28.69391952284879
borehole8,50,28.577230171300332
borehole8,51,27.934396465898367
borehole8,52,27.61305222162305
borehole8,53,27.50723442758159
borehole8,54,27.40647802239153
borehole8,55,26.987315463525576
borehole8,56,26.505008846141624
borehole8,57,26.357142123902857
borehole8,58,26.024701040291045
borehole8,59,25.8940787804661
borehole8,60,25.39811643656275
borehole8,61,25.00135997575381
borehole8,62,24.67523467389175
borehole8,63,24.68579348743163
borehole8,64,24.545152960940158
borehole8,65,24.122018132612496
borehole8,66,23.777246747054615
borehole8,67,23.82881599991704
borehole8,68,23.626711274316065
borehole8,69,23.338311078146273
borehole8,70,23.176702667717787
borehole8,71,23.15194357545082
borehole8,72,23.047605855615437
borehole8,73,23.143342576959864
borehole8,74,22.927621928521834
borehole8,75,22.418646245902902
borehole8,76,22.403564002491887
borehole8,77,22.27739019625093
borehole8,78,22.023623071808622
borehole8,79,22.02929146785059
borehole8,80,21.731170045426232
borehole8,81,21.528543332285466
borehole8,82,21.467315016783854
borehole8,83,21.248313154092198
borehole8,84,21.15257711324295
borehole8,85,21.019738932895088
borehole8,86,20.552475584224048
borehole8,87,20.433469784566846
borehole8,88,20.196162533161313
borehole8,89,19.865120221475216
borehole8,90,19.551112514670614
borehole8,91,19.357438153723013
borehole8,92,19.186332843956063
borehole8,93,18.921078825085957
borehole8,94,18.700479661897315
borehole8,95,18.566823450574084
borehole8,96,18.236088374890162
borehole8,97,18.191405837140444
borehole8,98,18.11126940325439
borehole8,99,17.810122298307924
borehole8,100,17.682861486613888
borehole8,101,17.473175001625556
borehole8,102,17.361544053638248
borehole8,103,17.231261869340475
borehole8,104,17.10145993614428
borehole8,105,16.90158241672366
borehole8,106,16.817034061188824
borehole8,107,16.683420227932846
borehole8,108,16.652764009590634
borehole8,109,16.549319015530713
borehole8,110,16.392109345473635
borehole8,111,16.369462886923206
borehole8,112,16.266369589984993
borehole8,113,16.255253254928437
borehole8,114,16.26498444781364
borehole8,115,16.18423937306548
borehole8,116,16.175475517165815
borehole8,117,16.18792232417095
borehole8,118,16.08940186745666
borehole8,119,15.975657245590453
borehole8,120,15.843188803670367
borehole8,121,15.841034320665457
borehole8,122,15.811443698244135
borehole8,123,15.665508170821894
borehole8,124,15.48973926645258
borehole8,125,15.42819646701899
borehole8,126,15.363246232567622
borehole8,127,15.189728567703504
borehole8,128,14.961422390306977
borehole8,129,14.923227291382624
borehole8,130,14.866270456834096
borehole8,131,14.871751036365156
borehole8,132,14.880550712515355
borehole8,133,14.794686209771653
borehole8,134,14.70106122223182
borehole8,135,14.583691070415826
borehole8,136,14.50625846837141
borehole8,137,14.42188251434533
borehole8,138,14.349399516034334
borehole8,139,14.276562450169186
borehole8,140,14.141174013764218
borehole8,141,14.02162433531811
borehole8,142,14.048815894248422
borehole8,143,13.979530424422677
borehole8,144,13.890461134941445
borehole8,145,13.858532957693388
borehole8,146,13.799855132854248
borehole8,147,13.75616594410261
borehole8,148,13.680351289120955
borehole8,149,13.642573433302166
borehole8,150,13.608469318772991
borehole8,151,13.473977081623628
borehole8,152,13.472611446277408
borehole8,153,13.236049984869167
borehole8,154,13.230760203029167
borehole8,155,13.146990042484084
borehole8,156,13.077475888695908
borehole8,157,13.0942830166475
borehole8,158,13.026887063188887
borehole8,159,13.00445297449679
borehole8,160,13.007824844871056
borehole8,161,12.996541182295609
borehole8,162,12.93401473312897
borehole8,163,12.863064325853022
borehole8,164,12.858790719144812
borehole8,165,12.906485211610088
borehole8,166,12.88695903383069
borehole8,167,12.910446770447129
borehole8,168,12.862678873954932
borehole8,169,12.87179851060906
borehole8,170,12.871764550142032
borehole8,171,12.802189476637485
borehole8,172,12.714317829551863
borehole8,173,12.717921056903362
borehole8,174,12.666623390490473
borehole8,175,12.656446760028754
borehole8,176,12.56392426566248
borehole8,177,12.402923593703468
borehole8,178,12.401999251988045
borehole8,179,12.364729641229761
borehole8,180,12.320369745943077
borehole8,181,12.322521733964752
borehole8,182,12.284526318517402
borehole8,183,12.257160306396385
borehole8,184,12.243457673932657
borehole8,185,12.252822927648806
borehole8,186,12.230334933033243
borehole8,187,12.192834046285919
borehole8,188,12.135888468534237
borehole8,189,12.083297451659408
borehole8,190,12.040595907849143
borehole8,191,11.967768195024432
borehole8,192,11.952370252448114
borehole8,193,11.897776954463174
borehole8,194,11.819587791773467
borehole8,195,11.83442862022207
borehole8,196,11.811500853222247
borehole8,197,11.833987168136579
borehole8,198,11.758351213272256
borehole8,199,11.723692892687978
borehole8,200,11.707154499095486
borehole8,40,11.344754015125725
borehole8,41,11.485951463252338
borehole8,42,11.496134641325128
borehole8,43,11.529528829357242
borehole8,44,11.59960808107414
borehole8,45,11.53849222746243
borehole8,46,11.457862854328141
borehole8,47,11.293687450498663
borehole8,48,11.457369875923108
borehole8,49,11.429899391203802
borehole8,50,11.322004971703516
borehole8,51,11.383596457430242
borehole8,52,11.369285224584253
borehole8,53,11.41548864077123
borehole8,54,11.406793783900438
borehole8,55,11.344818708175998
borehole8,56,11.328164131681556
borehole8,57,11.215419124743109
borehole8,58,11.14188116131471
borehole8,59,11.11718519094349
borehole8,60,11.1072911358147
borehole8,61,11.020337614156249
borehole8,62,10.999454615175964
borehole8,63,10.989820334374397
borehole8,64,10.954822480444681
borehole8,65,10.966577844563629
borehole8,66,10.922289534993574
borehole8,67,10.98532905234663
borehole8,68,10.952372193778874
borehole8,69,10.906608976167377
borehole8,70,10.967857566195102
borehole8,71,10.934154148618342
borehole8,72,10.939233867661217
borehole8,73,10.943835368987747
borehole8,74,10.943690717261973
borehole8,75,11.025416319597486
borehole8,76,11.022925376032292
borehole8,77,11.019700817599729
borehole8,78,11.050757637437236
borehole8,79,11.066868640520978
borehole8,80,11.00659401605221
borehole8,81,10.870101478786786
borehole8,82,10.852943263585125
borehole8,83,10.995016678308469
borehole8,84,10.97915113622093
borehole8,85,10.976244175632038
borehole8,86,11.038964591688462
borehole8,87,11.045402070082584
borehole8,88,11.101217043307145
borehole8,89,11.124539671286108
borehole8,90,11.09483464723997
borehole8,91,11.06252089154025
borehole8,92,10.964454849288183
borehole8,93,10.980315473515068
borehole8,94,11.050907646403697
borehole8,95,10.999816424773769
borehole8,96,10.99103810362014
borehole8,97,10.990607694232395
borehole8,98,10.99870113374026
borehole8,99,10.98596843235793
borehole8,100,10.921553612192767
borehole8,101,10.907339096531125
borehole8,102,10.909006332725298
borehole8,103,10.900195463901916
borehole8,104,10.935474073007315
borehole8,105,10.89150021672351
borehole8,106,10.86071038174928
borehole8,107,10.926962703286785
borehole8,108,10.922602331922787
borehole8,109,10.92833535687353
borehole8,110,10.970926302318219
borehole8,111,10.9692612701808
borehole8,112,11.016989725227058
borehole8,113,10.993401864581823
borehole8,114,10.984901136297857
borehole8,115,10.986333579863507
borehole8,116,10.978241769594701
borehole8,117,10.971146002537065
borehole8,118,10.988846586727774
borehole8,119,11.070259292973727
borehole8,120,11.033143346749155
borehole8,121,10.982606975636353
borehole8,122,10.989856327476852
borehole8,123,10.960354064546388
borehole8,124,10.959877228254388
borehole8,125,10.929569257455448
borehole8,126,10.917981952274033
borehole8,127,10.916403678940911
borehole8,128,10.951466612442186
borehole8,129,10.93304951472786
borehole8,130,10.935894907695523
borehole8,131,10.972645140472371
borehole8,132,10.976506267308663
borehole8,133,11.04523436151048
borehole8,134,11.036380748822316
borehole8,135,11.031820637723028
borehole8,136,11.016772605872656
borehole8,137,10.925973079994453
borehole8,138,10.917885397460596
borehole8,139,10.911021948875835
borehole8,140,10.938742102457681
borehole8,141,10.960620488665866
borehole8,142,10.956669068014811
borehole8,143,11.001286226404678
borehole8,144,10.997562264230412
borehole8,145,10.97685639771693
borehole8,146,10.945484574698506
borehole8,147,10.934146111820763
borehole8,148,10.92565196415286
borehole8,149,10.914640871289945
borehole8,150,10.925746501657494
borehole8,151,10.985773216191374
borehole8,152,10.93886596703189
borehole8,153,10.93748357876013
borehole8,154,10.9323644826858
borehole8,155,10.901710503910211
borehole8,156,10.929298538674967
borehole8,157,10.924634953436177
borehole8,158,10.910824837164549
borehole8,159,10.915089965405548
borehole8,160,10.910501048697562
borehole8,161,10.949285335271993
borehole8,162,10.944634713624634
borehole8,163,10.920281004755395
borehole8,164,10.907591853430421
borehole8,165,10.932859071700275
borehole8,166,10.887719466903945
borehole8,167,10.91595140029527
borehole8,168,10.918659312126238
borehole8,169,10.92204368235956
borehole8,170,10.926471877689059
borehole8,171,10.914505035275349
borehole8,172,10.92651934287788
borehole8,173,10.921539224602538
borehole8,174,10.911323998160666
borehole8,175,10.902251951409035
borehole8,176,10.918779043769165
borehole8,177,10.913007833577266
borehole8,178,10.907078570255687
borehole8,179,10.899334201697856
borehole8,180,10.882749445830587
borehole8,181,10.869327442455955
borehole8,182,10.887047571556487
borehole8,183,10.852059328643103
borehole8,184,10.863493507142215
borehole8,185,10.863057853548241
borehole8,186,10.849837554465813
borehole8,187,10.866269867368446
borehole8,188,10.888264653359188
borehole8,189,10.864073784872518
borehole8,190,10.850236194286163
borehole8,191,10.814337376314178
borehole8,192,10.813220604592003
borehole8,193,10.763551902584098
borehole8,194,10.724970692812704
borehole8,195,10.745272240919391
borehole8,196,10.745591529804576
borehole8,197,10.75026052319995
borehole8,198,10.762740543195699
borehole8,199,10.743143306068395
borehole8,200,10.78254021033742
borehole8,40,11.709509414441133
borehole8,41,11.820961381128733
borehole8,42,11.84144239531943
borehole8,43,11.89115779532038
borehole8,44,11.95295427770837
borehole8,45,11.942951840856512
borehole8,46,11.856443541150725
borehole8,47,11.679740482907933
borehole8,48,11.841670015686535
borehole8,49,11.824363324903649
borehole8,50,11.69798099860802
borehole8,51,11.71396619671098
borehole8,52,11.712295032211967
borehole8,53,11.754297223500883
borehole8,54,11.725381364910438
borehole8,55,11.701691845371915
borehole8,56,11.66457359762095
borehole8,57,11.5392929521119
borehole8,58,11.51583504169718
borehole8,59,11.469439023446268
borehole8,60,11.462308286248868
borehole8,61,11.391284715791686
borehole8,62,11.398139752699802
borehole8,63,11.376043591828228
borehole8,64,11.342397399070338
borehole8,65,11.3400393607855
borehole8,66,11.324395477023995
borehole8,67,11.387872955865948
borehole8,68,11.370642831945098
borehole8,69,11.337920133819715
borehole8,70,11.39891891168782
borehole8,71,11.356771837334673
borehole8,72,11.355046355928224
borehole8,73,11.358327784074254
borehole8,74,11.361112799884248
borehole8,75,11.428207575935849
borehole8,76,11.411374452299714
borehole8,77,11.419870968659447
borehole8,78,11.465345965837308
borehole8,79,11.475671822409629
borehole8,80,11.437425636687987
borehole8,81,11.328771594076485
borehole8,82,11.319359252711228
borehole8,83,11.345327766673421
borehole8,84,11.31524259277784
borehole8,85,11.32402275452644
borehole8,86,11.368265817273283
borehole8,87,11.374300687453905
borehole8,88,11.439679855172056
borehole8,89,11.461495217125146
borehole8,90,11.440909447574699
borehole8,91,11.42208947252025
borehole8,92,11.341214638229545
borehole8,93,11.361140382745294
borehole8,94,11.421408572391602
borehole8,95,11.389980673609543
borehole8,96,11.38064379263316
borehole8,97,11.377042016985246
borehole8,98,11.364532099649484
borehole8,99,11.357470461275007
borehole8,100,11.306577404179052
borehole8,101,11.300796534909068
borehole8,102,11.285738410827731
borehole8,103,11.260280981019811
borehole8,104,11.305342903542984
borehole8,105,11.277634640370017
borehole8,106,11.263369549791738
borehole8,107,11.31394197428705
borehole8,108,11.302954114138396
borehole8,109,11.302115999749168
borehole8,110,11.333269961661403
borehole8,111,11.329301702853273
borehole8,112,11.366165130011247
borehole8,113,11.345545741613641
borehole8,114,11.339381950496888
borehole8,115,11.33688777348057
borehole8,116,11.328964661429733
borehole8,117,11.307918471068106
borehole8,118,11.324216201534739
borehole8,119,11.396837662983444
borehole8,120,11.375794503090658
borehole8,121,11.329515911526826
borehole8,122,11.336006197329734
borehole8,123,11.314933090887504
borehole8,124,11.323952948478262
borehole8,125,11.29128725544323
borehole8,126,11.285956041392518
borehole8,127,11.278190783340634
borehole8,128,11.292215473234574
borehole8,129,11.27193766709399
borehole8,130,11.271883938558533
borehole8,131,11.31062809043058
borehole8,132,11.314867114035849
borehole8,133,11.379034636951845
borehole8,134,11.374630099790261
borehole8,135,11.381945897231766
borehole8,136,11.371556870847572
borehole8,137,11.297240711506785
borehole8,138,11.299791577440702
borehole8,139,11.29556237513982
borehole8,140,11.3179255216816
borehole8,141,11.344485386660569
borehole8,142,11.338938843451018
borehole8,143,11.386414234988619
borehole8,144,11.381869741042637
borehole8,145,11.374576564644297
borehole8,146,11.354809547063285
borehole8,147,11.333824310843198
borehole8,148,11.33111746946066
borehole8,149,11.326102117469372
borehole8,150,11.325181775740397
borehole8,151,11.359355818378704
borehole8,152,11.305321100551183
borehole8,153,11.29523017105136
borehole8,154,11.281671821171022
borehole8,155,11.262112974379924
borehole8,156,11.2904062011296
borehole8,157,11.283928624276184
borehole8,158,11.274144017074434
borehole8,159,11.273632373495069
borehole8,160,11.266626341683274
borehole8,161,11.29308463363204
borehole8,162,11.291471527901063
borehole8,163,11.273317845870247
borehole8,164,11.249162632081092
borehole8,165,11.27246981710895
borehole8,166,11.23408396162031
borehole8,167,11.255929573574779
borehole8,168,11.249661267275597
borehole8,169,11.252914523086506
borehole8,170,11.25314833155137
borehole8,171,11.247684777741872
borehole8,172,11.263745549355122
borehole8,173,11.256503975825044
borehole8,174,11.250871430109216
borehole8,175,11.245566211702872
borehole8,176,11.272053196089049
borehole8,177,11.273256995982557
borehole8,178,11.272972224470637
borehole8,179,11.264374052327835
borehole8,180,11.258881384626351
borehole8,181,11.23691410639989
borehole8,182,11.253212404645431
borehole8,183,11.227464390734367
borehole8,184,11.239988021061487
borehole8,185,11.230968304073533
borehole8,186,11.222089137439498
borehole8,187,11.240339249837943
borehole8,188,11.265553726641222
borehole8,189,11.25232446719778
borehole8,190,11.24395444218098
borehole8,191,11.216961705135484
borehole8,192,11.217560766380613
borehole8,193,11.178958785703497
borehole8,194,11.139979539762038
borehole8,195,11.153933673182951
borehole8,196,11.154924285892378
borehole8,197,11.15774016390841
borehole8,198,11.174275608579915
borehole8,199,11.165593259133491
borehole8,200,11.203289313979946
borehole8,40,7.5853372615058365
borehole8,42,7.523309152423978
borehole8,44,7.468255494187982
borehole8,46,7.393193573075178
borehole8,48,7.349095085320699
borehole8,50,7.276277254270208
borehole8,52,7.23779106142998
borehole8,54,7.214973429406964
borehole8,56,7.186630046793271
borehole8,58,7.158690202762755
borehole8,60,7.146680712991926
borehole8,62,7.101501493496321
borehole8,64,6.96180515171772
borehole8,66,6.970138341763973
borehole8,68,6.954571961628798
borehole8,70,6.88618212661052
borehole8,72,6.863994152947262
borehole8,74,6.831844710605366
borehole8,76,6.771487677878099
borehole8,78,6.773999438252174
borehole8,80,6.71412036031749
borehole8,82,6.700777465614034
borehole8,84,6.565576403120869
borehole8,86,6.551736800147847
borehole8,88,6.521189572654146
borehole8,90,6.496675951324565
borehole8,92,6.457447676214201
borehole8,94,6.4366154918883645
borehole8,96,6.3837506329948255
borehole8,98,6.378063100069995
borehole8,100,6.375790819021091
borehole8,102,6.376228703308443
borehole8,104,6.323310837583555
borehole8,106,6.275603177191393
borehole8,108,6.235019449949337
borehole8,110,6.123864344866902
borehole8,112,6.138673632172818
borehole8,114,6.122071839059175
borehole8,116,6.061347048242466
borehole8,118,5.935857450544971
borehole8,120,5.881602501151416
borehole8,122,5.838487148333969
borehole8,124,5.787091385679023
borehole8,126,5.770815305927384
borehole8,128,5.735263857750001
borehole8,130,5.700055181187624
borehole8,132,5.676599762214539
borehole8,134,5.691836657745362
borehole8,136,5.694311040758394
borehole8,138,5.713307375789544
borehole8,140,5.719927106607321
borehole8,142,5.707776349587322
borehole8,144,5.695853306503261
borehole8,146,5.688878818310236
borehole8,148,5.6327069434990396
borehole8,150,5.632229591296976
borehole8,152,5.6127520869970216
borehole8,154,5.612699835243958
borehole8,156,5.617749575017612
borehole8,158,5.623191730726285
borehole8,160,5.565056114041619
borehole8,162,5.531427655780551
borehole8,164,5.526975844004032
borehole8,166,5.501130047977259
borehole8,168,5.457465478482582
borehole8,170,5.457537049297005
borehole8,172,5.461850972215258
borehole8,174,5.443102989468635
borehole8,176,5.43330648620081
borehole8,178,5.4066341715313335
borehole8,180,5.359415685001208
borehole8,182,5.336684369063869
borehole8,184,5.341194011009363
borehole8,186,5.336268984788926
borehole8,188,5.321754606064222
borehole8,190,5.284416341967587
borehole8,192,5.269095737922282
borehole8,194,5.248485831799745
borehole8,196,5.258694563241161
borehole8,198,5.23259537434294
borehole8,200,5.21967041418674
borehole8,40,30.316872973715903
borehole8,41,29.862655023758464
borehole8,42,29.394991996222053
borehole8,43,29.257809634239276
borehole8,44,29.143918633845146
borehole8,45,28.803872470149095
borehole8,46,28.457736309671017
borehole8,47,28.19855283973113
borehole8,48,28.060485768959236
borehole8,49,27.883367167778694
borehole8,50,27.746204145022492
borehole8,51,27.747115732170556
borehole8,52,27.33683005420785
borehole8,53,27.14396913465656
borehole8,54,27.037860766573687
borehole8,55,26.482331445991527
borehole8,56,26.024735568296272
borehole8,57,25.61884617873865
borehole8,58,25.321771745464606
borehole8,59,24.850276644918644
borehole8,60,24.741755167756335
borehole8,61,24.649065463677257
borehole8,62,24.430932363525894
borehole8,63,24.082019879492435
borehole8,64,23.712667610894375
borehole8,65,23.518154210053787
borehole8,66,23.341282355994643
borehole8,67,22.957391004867578
borehole8,68,22.77045381553914
borehole8,69,22.557474730762355
borehole8,70,22.20045675010491
borehole8,71,22.116095772768436
borehole8,72,21.937090940624568
borehole8,73,21.79361702265176
borehole8,74,21.585459112205985
borehole8,75,21.46281054079026
borehole8,76,21.359049002092775
borehole8,77,21.21109156245117
borehole8,78,21.11778125879261
borehole8,79,20.885944848154935
borehole8,80,20.740566524505525
borehole8,81,20.535770053899856
borehole8,82,20.45429258122623
borehole8,83,20.268763814217003
borehole8,84,20.133202618113064
borehole8,85,20.03057826362461
borehole8,86,19.65157047531075
borehole8,87,19.512162171106574
borehole8,88,19.240388870977124
borehole8,89,19.04590276094149
borehole8,90,18.89187970359474
borehole8,91,18.721010115707312
borehole8,92,18.490826659528537
borehole8,93,18.27725727124163
borehole8,94,18.221007547723712
borehole8,95,17.876658968111542
borehole8,96,17.822966374180798
borehole8,97,17.72425761227419
borehole8,98,17.551112857294495
borehole8,99,17.339742938992906
borehole8,100,17.28881185217972
borehole8,101,17.22472781840049
borehole8,102,17.10374080422899
borehole8,103,17.031081776681653
borehole8,104,17.005560002322508
borehole8,105,16.93234992017691
borehole8,106,16.835091081956048
borehole8,107,16.869526502795075
borehole8,108,16.81015775733527
borehole8,109,16.64724510325484
borehole8,110,16.534905049954503
borehole8,111,16.42752956787005
borehole8,112,16.387305422722772
borehole8,113,16.30847662704639
borehole8,114,16.142074254595126
borehole8,115,16.224554599372677
borehole8,116,16.118840849227123
borehole8,117,15.993787685497457
borehole8,118,15.94709103884092
borehole8,119,15.940751159530048
borehole8,120,15.81987439465025
borehole8,121,15.760912264443522
borehole8,122,15.75288281441819
borehole8,123,15.719811526284172
borehole8,124,15.683266767806144
borehole8,125,15.62456552262347
borehole8,126,15.576739384771681
borehole8,127,15.599956742321252
borehole8,128,15.519830605506549
borehole8,129,15.496600047164538
borehole8,130,15.413725430368773
borehole8,131,15.316599076537544
borehole8,132,15.30421215192333
borehole8,133,15.169885026164081
borehole8,134,15.121151411018463
borehole8,135,15.057655741426712
borehole8,136,15.001915776121454
borehole8,137,14.902167052979046
borehole8,138,14.915931168764667
borehole8,139,14.82200478692114
borehole8,140,14.735224952353619
borehole8,141,14.71288973703684
borehole8,142,14.682252906265774
borehole8,143,14.625701426796592
borehole8,144,14.55578023093732
borehole8,145,14.439197980594624
borehole8,146,14.277681481129154
borehole8,147,14.275378031931954
borehole8,148,14.27284717248649
borehole8,149,14.17480603787669
borehole8,150,14.1185800192071
borehole8,151,14.005678214661824
borehole8,152,13.956073654851153
borehole8,153,13.887429103185662
borehole8,154,13.811501370822837
borehole8,155,13.816320628552319
borehole8,156,13.79879890594469
borehole8,157,13.747585721396945
borehole8,158,13.754546067724768
borehole8,159,13.65135938989934
borehole8,160,13.617152565281279
borehole8,161,13.5602867345577
borehole8,162,13.523633261860931
borehole8,163,13.502621415870712
borehole8,164,13.554723271719498
borehole8,165,13.520365425747974
borehole8,166,13.537950809054234
borehole8,167,13.453073442353286
borehole8,168,13.390558799606223
borehole8,169,13.356553239409713
borehole8,170,13.324822345955157
borehole8,171,13.138730100867253
borehole8,172,13.089468567955645
borehole8,173,13.009876470565926
borehole8,174,12.965663767701072
borehole8,175,12.907977834768541
borehole8,176,12.857040250325015
borehole8,177,12.808788958164154
borehole8,178,12.779411281499343
borehole8,179,12.77430978732391
borehole8,180,12.689388476319676
borehole8,181,12.651865839375247
borehole8,182,12.634445992166699
borehole8,183,12.615428755904551
borehole8,184,12.594321409992823
borehole8,185,12.47254503913422
borehole8,186,12.310847335060949
borehole8,187,12.253655299808555
borehole8,188,12.208237864274754
borehole8,189,12.232056242437015
borehole8,190,12.153173685283987
borehole8,191,12.120968058111032
borehole8,192,12.073996751012116
borehole8,193,11.99280884417855
borehole8,194,11.955064411117197
borehole8,195,11.928570635625443
borehole8,196,11.922891278992884
borehole8,197,11.85321398690991
borehole8,198,11.834833454782734
borehole8,199,11.835802794498573
borehole8,200,11.826731835073124
borehole8,40,11.36409364774374
borehole8,41,11.361174468257898
borehole8,42,11.392420425938909
borehole8,43,11.24181380577707
borehole8,44,11.309973173131224
borehole8,45,11.111070143260264
borehole8,46,11.199680934271145
borehole8,47,11.209268227232903
borehole8,48,11.337989628811302
borehole8,49,11.352953078614977
borehole8,50,11.399227956388703
borehole8,51,11.472736636115208
borehole8,52,11.481630885169764
borehole8,53,11.542330290104937
borehole8,54,11.577149019586347
borehole8,55,11.510280612787797
borehole8,56,11.406896867932153
borehole8,57,11.376978919917606
borehole8,58,11.361479537716313
borehole8,59,11.48603433511514
borehole8,60,11.489529295510394
borehole8,61,11.49487818561999
borehole8,62,11.621501354463469
borehole8,63,11.597258360060426
borehole8,64,11.601954469060836
borehole8,65,11.512108673895948
borehole8,66,11.39201838731119
borehole8,67,11.413488914888568
borehole8,68,11.319351678053698
borehole8,69,11.322943819923491
borehole8,70,11.338012529642036
borehole8,71,11.336028131368142
borehole8,72,11.251133011739025
borehole8,73,11.239558801792057
borehole8,74,11.267278603528185
borehole8,75,11.255204378164873
borehole8,76,11.250172744936796
borehole8,77,11.260019840405851
borehole8,78,11.288632286663523
borehole8,79,11.265498663683287
borehole8,80,11.25444722350942
borehole8,81,11.27864373339676
borehole8,82,11.252368658909054
borehole8,83,11.301507373137335
borehole8,84,11.334217165028244
borehole8,85,11.42818354418923
borehole8,86,11.478854105397378
borehole8,87,11.382299832426149
borehole8,88,11.466523119637227
borehole8,89,11.517877679226846
borehole8,90,11.570650105512797
borehole8,91,11.52231522451478
borehole8,92,11.459814686821234
borehole8,93,11.54382095363474
borehole8,94,11.520790126475667
borehole8,95,11.60016456395903
borehole8,96,11.601252043693009
borehole8,97,11.60094569264248
borehole8,98,11.657657723594054
borehole8,99,11.68314070631107
borehole8,100,11.654682699933042
borehole8,101,11.567292201937068
borehole8,102,11.57440426215181
borehole8,103,11.510222822096454
borehole8,104,11.513390249114646
borehole8,105,11.527051922328578
borehole8,106,11.524717711358747
borehole8,107,11.529231970278943
borehole8,108,11.482894862165258
borehole8,109,11.486048492030383
borehole8,110,11.513693769249683
borehole8,111,11.501659162944549
borehole8,112,11.503610213668653
borehole8,113,11.475460872408137
borehole8,114,11.47345068314403
borehole8,115,11.481769421366911
borehole8,116,11.464799976662183
borehole8,117,11.37771577464118
borehole8,118,11.398775450282725
borehole8,119,11.393237381581573
borehole8,120,11.365288077368561
borehole8,121,11.44042223414068
borehole8,122,11.415038660522054
borehole8,123,11.411986267660366
borehole8,124,11.386259886719962
borehole8,125,11.337735651704685
borehole8,126,11.324671242530544
borehole8,127,11.344926866341009
borehole8,128,11.269701198076017
borehole8,129,11.271402820281155
borehole8,130,11.296742917668702
borehole8,131,11.278442510046832
borehole8,132,11.308416078981805
borehole8,133,11.283685958316964
borehole8,134,11.27565779349121
borehole8,135,11.264499497827392
borehole8,136,11.259162483628678
borehole8,137,11.23212724514379
borehole8,138,11.236902386303344
borehole8,139,11.293447294979778
borehole8,140,11.26516162450364
borehole8,141,11.267121278865153
borehole8,142,11.29789649901191
borehole8,143,11.278515171975188
borehole8,144,11.26952645721982
borehole8,145,11.301748405092306
borehole8,146,11.310933712935663
borehole8,147,11.311855613866703
borehole8,148,11.313100180741275
borehole8,149,11.376398702360667
borehole8,150,11.355635200076527
borehole8,151,11.34944671693457
borehole8,152,11.336329912083466
borehole8,153,11.312494963133558
borehole8,154,11.299527236688263
borehole8,155,11.291370165505896
borehole8,156,11.284183453682996
borehole8,157,11.251138622193816
borehole8,158,11.254557588617358
borehole8,159,11.242354483984526
borehole8,160,11.247422730184148
borehole8,161,11.24639789419386
borehole8,162,11.22458141372325
borehole8,163,11.22783353801081
borehole8,164,11.236918581021254
borehole8,165,11.203077568011555
borehole8,166,11.214061784950099
borehole8,167,11.197347117721709
borehole8,168,11.19016281643049
borehole8,169,11.177466685342964
borehole8,170,11.18194109866014
borehole8,171,11.268097646367114
borehole8,172,11.242545555291336
borehole8,173,11.282421343053105
borehole8,174,11.268220499895527
borehole8,175,11.266618679345282
borehole8,176,11.252049398338603
borehole8,177,11.225090267743765
borehole8,178,11.266448841455697
borehole8,179,11.264998880087251
borehole8,180,11.272059475498985
borehole8,181,11.27067879646284
borehole8,182,11.269418073737762
borehole8,183,11.258539930176338
borehole8,184,11.260072243587585
borehole8,185,11.250330480563864
borehole8,186,11.287960690595154
borehole8,187,11.30814374440658
borehole8,188,11.280681339056354
borehole8,189,11.289525988549336
borehole8,190,11.333564956614184
borehole8,191,11.352575634116013
borehole8,192,11.346879162142404
borehole8,193,11.286103800736846
borehole8,194,11.32353428084268
borehole8,195,11.321628444488399
borehole8,196,11.35878771212163
borehole8,197,11.340743858767077
borehole8,198,11.347405458159857
borehole8,199,11.422146196639593
borehole8,200,11.438895942209122
borehole8,40,11.803404978595221
borehole8,41,11.824014550864677
borehole8,42,11.832700801000065
borehole8,43,11.687439815884794
borehole8,44,11.661299007785864
borehole8,45,11.512103241128811
borehole8,46,11.613056958458776
borehole8,47,11.611301392415841
borehole8,48,11.748292347873319
borehole8,49,11.76685971526056
borehole8,50,11.819185245683562
borehole8,51,11.899862453284998
borehole8,52,11.914347470881431
borehole8,53,11.966134504518957
borehole8,54,12.001772541300912
borehole8,55,11.945565658242607
borehole8,56,11.878048313372627
borehole8,57,11.864587213101618
borehole8,58,11.865654709626996
borehole8,59,11.981298708366761
borehole8,60,11.963998696410856
borehole8,61,11.961346255269369
borehole8,62,12.053442266355425
borehole8,63,12.04614981602841
borehole8,64,12.065367539817197
borehole8,65,11.993340143748933
borehole8,66,11.9083021574606
borehole8,67,11.925772822160138
borehole8,68,11.852273304675967
borehole8,69,11.87531765723222
borehole8,70,11.870401185513114
borehole8,71,11.843396073682413
borehole8,72,11.79327177812354
borehole8,73,11.784822497142335
borehole8,74,11.806066995928461
borehole8,75,11.784195702746924
borehole8,76,11.77340543763221
borehole8,77,11.785797992277768
borehole8,78,11.814797306606089
borehole8,79,11.795410420115731
borehole8,80,11.782859487238921
borehole8,81,11.826532873017884
borehole8,82,11.80513607192967
borehole8,83,11.845848623677993
borehole8,84,11.844757911018123
borehole8,85,11.917367625478159
borehole8,86,11.965390628829125
borehole8,87,11.891044828509669
borehole8,88,11.93717047001482
borehole8,89,11.983760851659081
borehole8,90,12.020394760420038
borehole8,91,11.993693415006694
borehole8,92,11.941654004161562
borehole8,93,12.024660395444462
borehole8,94,12.011681598680116
borehole8,95,12.060910603308729
borehole8,96,12.05946210038435
borehole8,97,12.048473971075051
borehole8,98,12.118802289073535
borehole8,99,12.148398599434719
borehole8,100,12.115564817329295
borehole8,101,12.038799917623138
borehole8,102,12.06004025153142
borehole8,103,12.012342446791468
borehole8,104,12.005491933038757
borehole8,105,12.020476884968545
borehole8,106,12.01939036708992
borehole8,107,12.017052798729361
borehole8,108,11.98188747162129
borehole8,109,11.986338167642158
borehole8,110,12.007950204865416
borehole8,111,11.998896570512052
borehole8,112,11.993788222081294
borehole8,113,11.974462979305649
borehole8,114,11.966604004732686
borehole8,115,11.966945477376154
borehole8,116,11.958361797179283
borehole8,117,11.892429587504074
borehole8,118,11.920962559378284
borehole8,119,11.913149044777056
borehole8,120,11.884264878450256
borehole8,121,11.935638806987939
borehole8,122,11.91351259511235
borehole8,123,11.904758261791846
borehole8,124,11.87715156501399
borehole8,125,11.842495318709778
borehole8,126,11.835223492542521
borehole8,127,11.855382464901048
borehole8,128,11.793301382474091
borehole8,129,11.792259202204578
borehole8,130,11.812645412874414
borehole8,131,11.805887425808887
borehole8,132,11.83462637688453
borehole8,133,11.820908782700563
borehole8,134,11.811930600187955
borehole8,135,11.804966020395211
borehole8,136,11.802336014708084
borehole8,137,11.781270869325464
borehole8,138,11.78116101871568
borehole8,139,11.836468436556267
borehole8,140,11.82417270728576
borehole8,141,11.822672982383532
borehole8,142,11.854478555621215
borehole8,143,11.837445098662345
borehole8,144,11.830248260045327
borehole8,145,11.86876815031807
borehole8,146,11.86924758710168
borehole8,147,11.866908138086039
borehole8,148,11.868041970840238
borehole8,149,11.910379321796876
borehole8,150,11.884993849969145
borehole8,151,11.87683088900908
borehole8,152,11.871781492067248
borehole8,153,11.85885884752074
borehole8,154,11.856198188218642
borehole8,155,11.8424758590222
borehole8,156,11.837391020442865
borehole8,157,11.813012471901157
borehole8,158,11.816642506385714
borehole8,159,11.809818029013393
borehole8,160,11.809731218037747
borehole8,161,11.812996850852567
borehole8,162,11.800425114212787
borehole8,163,11.795858919068454
borehole8,164,11.803824115793198
borehole8,165,11.77652071301681
borehole8,166,11.787072993875103
borehole8,167,11.76805239909378
borehole8,168,11.76840685559395
borehole8,169,11.759369576299862
borehole8,170,11.76703825049854
borehole8,171,11.753760705396301
borehole8,172,11.726259889779298
borehole8,173,11.771254735889013
borehole8,174,11.767939656822115
borehole8,175,11.76428376598515
borehole8,176,11.761403030088868
borehole8,177,11.74187821012071
borehole8,178,11.782358191689767
borehole8,179,11.780350730491543
borehole8,180,11.792315490499963
borehole8,181,11.785159577391427
borehole8,182,11.783311797813614
borehole8,183,11.774432109961703
borehole8,184,11.769707931086499
borehole8,185,11.760979084827516
borehole8,186,11.784784318705334
borehole8,187,11.806248615787503
borehole8,188,11.787853639012146
borehole8,189,11.784859755026531
borehole8,190,11.753916118309357
borehole8,191,11.776133423938763
borehole8,192,11.76901432354022
borehole8,193,11.716110179281717
borehole8,194,11.751434503774481
borehole8,195,11.748677700838964
borehole8,196,11.782225180742259
borehole8,197,11.768606421517617
borehole8,198,11.778106649261826
borehole8,199,11.849852193015186
borehole8,200,11.866153260106854
borehole8,40,7.329367594867275
borehole8,42,7.281613634446339
borehole8,44,7.276541995038594
borehole8,46,7.263378558838308
borehole8,48,7.265693335643391
borehole8,50,7.254615173226824
borehole8,52,7.256550723789847
borehole8,54,7.259613438044022
borehole8,56,7.155588969741187
borehole8,58,7.215814560381941
borehole8,60,7.044401816715946
borehole8,62,7.0282268532044085
borehole8,64,6.937802926971017
borehole8,66,6.902284399284144
borehole8,68,6.835604573194838
borehole8,70,6.756584733918301
borehole8,72,6.72423985202095
borehole8,74,6.729181555970764
borehole8,76,6.7358139153798495
borehole8,78,6.730388173591617
borehole8,80,6.736043949302452
borehole8,82,6.676910322163845
borehole8,84,6.631394615898632
borehole8,86,6.610332765744981
borehole8,88,6.593402629990037
borehole8,90,6.592587134682964
borehole8,92,6.532470738609362
borehole8,94,6.485941657532954
borehole8,96,6.460470203663279
borehole8,98,6.407891283843345
borehole8,100,6.345465922106529
borehole8,102,6.292800067273188
borehole8,104,6.229596449142073
borehole8,106,6.1723358096454195
borehole8,108,6.07945913438698
borehole8,110,6.083095436710258
borehole8,112,5.994744611925808
borehole8,114,5.915982056991143
borehole8,116,5.8817130165026095
borehole8,118,5.825520038826912
borehole8,120,5.804682737821793
borehole8,122,5.763617118905543
borehole8,124,5.728928209861019
borehole8,126,5.640635813956037
borehole8,128,5.603602351515198
borehole8,130,5.590074679959258
borehole8,132,5.580794437452435
borehole8,134,5.55931363629531
borehole8,136,5.457717460255205
borehole8,138,5.420652277559845
borehole8,140,5.389497781428413
borehole8,142,5.355009996243947
borehole8,144,5.389130232742194
borehole8,146,5.371278880717441
borehole8,148,5.346587535224373
borehole8,150,5.3279249810750375
borehole8,152,5.3383710546827485
borehole8,154,5.375975405335859
borehole8,156,5.355691959416418
borehole8,158,5.330036631180933
borehole8,160,5.329206534439483
borehole8,162,5.286691803219608
borehole8,164,5.28611372507882
borehole8,166,5.251644815082123
borehole8,168,5.239102994125748
borehole8,170,5.164825757660361
borehole8,172,5.142974405272683
borehole8,174,5.116187411848913
borehole8,176,5.097000751513017
borehole8,178,5.112360306203444
borehole8,180,5.096436070017189
borehole8,182,5.079982484423029
borehole8,184,5.065794435919993
borehole8,186,5.057846907541713
borehole8,188,4.9852769342360235
borehole8,190,4.959227581531471
borehole8,192,4.947697973975653
borehole8,194,4.9501350209398405
borehole8,196,4.957097822164431
borehole8,198,4.920517027896059
borehole8,200,4.908627185838818
borehole8,40,30.90039919512299
borehole8,41,30.610861204117942
borehole8,42,30.514475662711394
borehole8,43,30.10098171634637
borehole8,44,29.694981521166202
borehole8,45,29.47909667691208
borehole8,46,28.94244548432946
borehole8,47,28.6716173879333
borehole8,48,28.317264652029596
borehole8,49,27.97702884956371
borehole8,50,27.820551901487374
borehole8,51,27.58966769946277
borehole8,52,27.43172311396487
borehole8,53,27.198903881344783
borehole8,54,27.0271061445368
borehole8,55,26.809197558056077
borehole8,56,26.686786983373096
borehole8,57,26.371062982761572
borehole8,58,26.265895562405344
borehole8,59,26.010387787618757
borehole8,60,25.75119514383828
borehole8,61,25.662940115179243
borehole8,62,25.53617270228535
borehole8,63,25.461691253935278
borehole8,64,25.468221258601098
borehole8,65,25.40016102674569
borehole8,66,25.247642720096326
borehole8,67,24.871848818630614
borehole8,68,24.71997652370242
borehole8,69,24.50764752496144
borehole8,70,23.808320170910072
borehole8,71,23.39773620561068
borehole8,72,23.221853495793535
borehole8,73,23.000306352720944
borehole8,74,22.92356855091268
borehole8,75,22.772837391510727
borehole8,76,22.535251930981673
borehole8,77,22.466073466605778
borehole8,78,22.235349531856205
borehole8,79,22.18683115939298
borehole8,80,21.82175699936786
borehole8,81,21.505648016828268
borehole8,82,21.39571863401158
borehole8,83,21.109501287914572
borehole8,84,20.89133460410539
borehole8,85,20.810877952055982
borehole8,86,20.63391326049872
borehole8,87,20.348903480348916
borehole8,88,20.346954849599083
borehole8,89,20.049439496856706
borehole8,90,19.90193666256569
borehole8,91,19.685970137266427
borehole8,92,19.592228891967935
borehole8,93,19.526211971633856
borehole8,94,19.379694262831098
borehole8,95,19.23240150838647
borehole8,96,18.96942338267239
borehole8,97,18.84830828327204
borehole8,98,18.491390294339666
borehole8,99,18.4474710576168
borehole8,100,18.172003546962173
borehole8,101,17.98627832220111
borehole8,102,17.865839453038557
borehole8,103,17.883376454759286
borehole8,104,17.80102562248737
borehole8,105,17.622943903547878
borehole8,106,17.428288833087382
borehole8,107,17.374218415444247
borehole8,108,17.217122750531537
borehole8,109,17.240436841681614
borehole8,110,17.142384296301763
borehole8,111,17.016699883583936
borehole8,112,16.789408849985886
borehole8,113,16.74061091434426
borehole8,114,16.619831759784216
borehole8,115,16.6265330098049
borehole8,116,16.47864724694172
borehole8,117,16.364130451329615
borehole8,118,16.332834219246173
borehole8,119,16.18522246811705
borehole8,120,15.935806138157767
borehole8,121,15.963211628145448
borehole8,122,15.951879560583814
borehole8,123,15.820109727935678
borehole8,124,15.727779929246113
borehole8,125,15.733330487967892
borehole8,126,15.672386961742498
borehole8,127,15.569874342907253
borehole8,128,15.502511565066788
borehole8,129,15.473272981538994
borehole8,130,15.31756539419973
borehole8,131,15.370027966133378
borehole8,132,15.39756576849278
borehole8,133,15.243513777196464
borehole8,134,15.15137276385698
borehole8,135,15.153048348797665
borehole8,136,15.115581386756022
borehole8,137,15.023281336862265
borehole8,138,14.945231136558364
borehole8,139,14.94640403393482
borehole8,140,14.825024576526905
borehole8,141,14.701625317093006
borehole8,142,14.680325083780236
borehole8,143,14.667159071693458
borehole8,144,14.611701510808862
borehole8,145,14.526897444338356
borehole8,146,14.57580677151331
borehole8,147,14.541560205029228
borehole8,148,14.469247818679621
borehole8,149,14.439821563239839
borehole8,150,14.453832191025661
borehole8,151,14.386098597740729
borehole8,152,14.32295263204107
borehole8,153,14.269180751802587
borehole8,154,14.137923367758352
borehole8,155,14.194598558948629
borehole8,156,14.15724597963224
borehole8,157,14.116811805318909
borehole8,158,14.092122183349753
borehole8,159,13.987129724829552
borehole8,160,13.941777535323363
borehole8,161,13.960480129439432
borehole8,162,13.918443609794128
borehole8,163,13.857948638075813
borehole8,164,13.80740565704106
borehole8,165,13.810832861128858
borehole8,166,13.801288204025969
borehole8,167,13.66319421053912
borehole8,168,13.688363768977013
borehole8,169,13.648167251301231
borehole8,170,13.5979573728554
borehole8,171,13.600548465286078
borehole8,172,13.579862605950185
borehole8,173,13.487423407214216
borehole8,174,13.49132376108288
borehole8,175,13.423261438133364
borehole8,176,13.377932395933543
borehole8,177,13.353408440158956
borehole8,178,13.300291632038732
borehole8,179,13.253558109846779
borehole8,180,13.263460703731392
borehole8,181,13.233366533484519
borehole8,182,13.220727985875902
borehole8,183,13.172821298057617
borehole8,184,13.184355962940824
borehole8,185,13.174244328232135
borehole8,186,13.133598156502606
borehole8,187,13.110248699576674
borehole8,188,13.097413864547754
borehole8,189,13.035171727924565
borehole8,190,13.039007083150132
borehole8,191,13.01246055980337
borehole8,192,12.964833769264144
borehole8,193,13.00147425833677
borehole8,194,12.98334698960136
borehole8,195,12.97261283046818
borehole8,196,12.85319342489916
borehole8,197,12.830290089801977
borehole8,198,12.783929241697857
borehole8,199,12.773057534298927
borehole8,200,12.77045516727417
borehole8,40,11.435125776494381
borehole8,41,11.2104408164608
borehole8,42,11.318143989715036
borehole8,43,11.194231408707681
borehole8,44,11.311591337845217
borehole8,45,11.318330849062644
borehole8,46,11.50235025478216
borehole8,47,11.388986440277055
borehole8,48,11.454558554619696
borehole8,49,11.508647857796689
borehole8,50,11.419613324299577
borehole8,51,11.38673783440921
borehole8,52,11.425525118902552
borehole8,53,11.293736703023312
borehole8,54,11.526525783528701
borehole8,55,11.661750539214541
borehole8,56,11.631307262950937
borehole8,57,11.56638139220862
borehole8,58,11.529199093327923
borehole8,59,11.45488550956947
borehole8,60,11.553133258367223
borehole8,61,11.533982435576627
borehole8,62,11.467569614808665
borehole8,63,11.368722080322295
borehole8,64,11.37507234386101
borehole8,65,11.31253876515096
borehole8,66,11.37224907120771
borehole8,67,11.265961009439991
borehole8,68,11.24985310221521
borehole8,69,11.2466406421599
borehole8,70,11.561387088592088
borehole8,71,11.591879694883827
borehole8,72,11.590512727426509
borehole8,73,11.640213749861653
borehole8,74,11.726567464286697
borehole8,75,11.762902479319946
borehole8,76,11.865334892370257
borehole8,77,11.950668598531493
borehole8,78,11.928465601669673
borehole8,79,11.950082947671044
borehole8,80,12.029612076627588
borehole8,81,11.989857408303376
borehole8,82,11.903467844079263
borehole8,83,11.889815568527235
borehole8,84,11.870457931262031
borehole8,85,11.854634232376096
borehole8,86,11.852278506157983
borehole8,87,11.934978818838147
borehole8,88,11.974373772614493
borehole8,89,11.929275613010867
borehole8,90,11.911582684021738
borehole8,91,11.85828638047422
borehole8,92,11.880113011007266
borehole8,93,11.861251587649722
borehole8,94,11.818156256807033
borehole8,95,11.779349783295682
borehole8,96,11.886210180354228
borehole8,97,11.931128775554392
borehole8,98,11.934117921078947
borehole8,99,11.917752231626913
borehole8,100,11.97549572484188
borehole8,101,11.953914645062396
borehole8,102,11.947836374278047
borehole8,103,11.967405695597133
borehole8,104,11.974766351493942
borehole8,105,11.99293281794014
borehole8,106,12.009549644178735
borehole8,107,12.00946480502185
borehole8,108,11.999203614657455
borehole8,109,12.001958577650772
borehole8,110,12.078890127234523
borehole8,111,12.08830411739553
borehole8,112,12.114183883135011
borehole8,113,12.082166838147659
borehole8,114,12.072057549319753
borehole8,115,12.078437452614441
borehole8,116,12.085816007886438
borehole8,117,12.02769206470865
borehole8,118,12.020702713042084
borehole8,119,11.993651440436285
borehole8,120,12.067606460819322
borehole8,121,12.070797353902543
borehole8,122,12.05073587272707
borehole8,123,12.112664610159236
borehole8,124,12.09849657985424
borehole8,125,12.129312789025096
borehole8,126,12.108587543929529
borehole8,127,12.102893772814063
borehole8,128,12.192993062414265
borehole8,129,12.183653608782594
borehole8,130,12.141137840995679
borehole8,131,12.190467539117218
borehole8,132,12.204741814223889
borehole8,133,12.254062671327905
borehole8,134,12.247265095741147
borehole8,135,12.239057989348641
borehole8,136,12.279172734748203
borehole8,137,12.30784564208364
borehole8,138,12.376633566414183
borehole8,139,12.386083073603162
borehole8,140,12.354151162112199
borehole8,141,12.329141445660673
borehole8,142,12.325719597363234
borehole8,143,12.318762743712728
borehole8,144,12.269854598177432
borehole8,145,12.227829973086077
borehole8,146,12.232127703050473
borehole8,147,12.239537161796706
borehole8,148,12.211874634090975
borehole8,149,12.199956336419852
borehole8,150,12.14781335193443
borehole8,151,12.11410801583788
borehole8,152,12.097993366254281
borehole8,153,12.115194185173957
borehole8,154,12.145053787934243
borehole8,155,12.153652353114662
borehole8,156,12.15998078184446
borehole8,157,12.139824016025889
borehole8,158,12.137493324006764
borehole8,159,12.123241000277721
borehole8,160,12.09226216914243
borehole8,161,12.106406081796203
borehole8,162,12.097571874671917
borehole8,163,12.12893237211003
borehole8,164,12.129805025358317
borehole8,165,12.123815069301601
borehole8,166,12.126411135479206
borehole8,167,12.186009741736097
borehole8,168,12.187053819821553
borehole8,169,12.157659354647793
borehole8,170,12.135500898383647
borehole8,171,12.081821447870869
borehole8,172,12.083116667980791
borehole8,173,12.031912072782765
borehole8,174,12.007685597790415
borehole8,175,11.990376237064162
borehole8,176,11.980543603724552
borehole8,177,11.969639429137642
borehole8,178,12.004877039798485
borehole8,179,11.982411794392062
borehole8,180,11.945482029659855
borehole8,181,11.941863962185561
borehole8,182,11.98218104421279
borehole8,183,11.955555500888222
borehole8,184,11.955332908351533
borehole8,185,11.954466841337881
borehole8,186,11.935431620639413
borehole8,187,11.939087890021042
borehole8,188,11.938456607433473
borehole8,189,11.96038785305932
borehole8,190,11.934362557885125
borehole8,191,11.932685390881034
borehole8,192,11.958168566249967
borehole8,193,11.943900378452003
borehole8,194,11.953899265569714
borehole8,195,11.954568937709476
borehole8,196,11.95310989061882
borehole8,197,11.931864355971559
borehole8,198,11.933274025440344
borehole8,199,11.918081814950865
borehole8,200,11.920863129957853
borehole8,40,12.446714403161804
borehole8,41,12.253840872531647
borehole8,42,12.357966129042579
borehole8,43,12.243510406177366
borehole8,44,12.28812802397538
borehole8,45,12.311648830949204
borehole8,46,12.43014590561838
borehole8,47,12.324723429048408
borehole8,48,12.352586257985271
borehole8,49,12.388151910789844
borehole8,50,12.296986465336989
borehole8,51,12.300456646621106
borehole8,52,12.31475887148003
borehole8,53,12.227030824497806
borehole8,54,12.427531103695301
borehole8,55,12.510666099769384
borehole8,56,12.473443587685665
borehole8,57,12.409661011379214
borehole8,58,12.3702505163375
borehole8,59,12.342619205106203
borehole8,60,12.387480879971378
borehole8,61,12.356438902017304
borehole8,62,12.324865415395362
borehole8,63,12.226861950665528
borehole8,64,12.218249288070746
borehole8,65,12.146611574733448
borehole8,66,12.189384806770548
borehole8,67,12.10548701383795
borehole8,68,12.110766416668657
borehole8,69,12.13235067930937
borehole8,70,12.244787892074026
borehole8,71,12.281156203560947
borehole8,72,12.27552520463958
borehole8,73,12.326738396575774
borehole8,74,12.39582931549946
borehole8,75,12.397744795020309
borehole8,76,12.471716875840997
borehole8,77,12.550844546571646
borehole8,78,12.555958002789803
borehole8,79,12.56154650820384
borehole8,80,12.642423092738566
borehole8,81,12.608308038892744
borehole8,82,12.526409806317695
borehole8,83,12.529549349211592
borehole8,84,12.538069420340177
borehole8,85,12.529233063879593
borehole8,86,12.529137586417148
borehole8,87,12.580796906254312
borehole8,88,12.621791412226486
borehole8,89,12.586339328044652
borehole8,90,12.570989470103608
borehole8,91,12.53851980000715
borehole8,92,12.570776906810003
borehole8,93,12.55242759361208
borehole8,94,12.527730050117036
borehole8,95,12.504996898862782
borehole8,96,12.5879229646629
borehole8,97,12.628934180744391
borehole8,98,12.608399272280261
borehole8,99,12.576986055548286
borehole8,100,12.633923977626448
borehole8,101,12.621482969900299
borehole8,102,12.62918080978013
borehole8,103,12.643421914745806
borehole8,104,12.633073386041936
borehole8,105,12.656038273300855
borehole8,106,12.67317584243691
borehole8,107,12.670528092195882
borehole8,108,12.653930182661906
borehole8,109,12.64871752161777
borehole8,110,12.704307996710517
borehole8,111,12.714246934278341
borehole8,112,12.729095393569553
borehole8,113,12.689118531617238
borehole8,114,12.684480663972902
borehole8,115,12.673117983398269
borehole8,116,12.668805300093481
borehole8,117,12.623151713756085
borehole8,118,12.625234135234836
borehole8,119,12.613614142205058
borehole8,120,12.649274334857715
borehole8,121,12.647851638533602
borehole8,122,12.618868890828995
borehole8,123,12.675878083515283
borehole8,124,12.67642141904463
borehole8,125,12.705295895015544
borehole8,126,12.692997895892027
borehole8,127,12.686675655941707
borehole8,128,12.760388624187899
borehole8,129,12.757669557144395
borehole8,130,12.72644214764511
borehole8,131,12.773907010064447
borehole8,132,12.787640681415175
borehole8,133,12.822095766374844
borehole8,134,12.822301360569412
borehole8,135,12.821462353808148
borehole8,136,12.856396078017749
borehole8,137,12.884950464872066
borehole8,138,12.936646178592833
borehole8,139,12.946461088563723
borehole8,140,12.914433116882185
borehole8,141,12.901312870975953
borehole8,142,12.898135225740562
borehole8,143,12.893516735659059
borehole8,144,12.864457602350306
borehole8,145,12.815741662054494
borehole8,146,12.812394182431877
borehole8,147,12.818638831204796
borehole8,148,12.800519549610929
borehole8,149,12.780908996818898
borehole8,150,12.724874874915692
borehole8,151,12.688089865418139
borehole8,152,12.679511545342011
borehole8,153,12.696309999094664
borehole8,154,12.718383444080088
borehole8,155,12.727915961639924
borehole8,156,12.732551490617906
borehole8,157,12.725854877292232
borehole8,158,12.72309103094687
borehole8,159,12.716549534401638
borehole8,160,12.700330655553191
borehole8,161,12.714867432521947
borehole8,162,12.70810037209097
borehole8,163,12.729674637574398
borehole8,164,12.728485530781898
borehole8,165,12.714789455914564
borehole8,166,12.709318752938108
borehole8,167,12.7584647282588
borehole8,168,12.763474217000134
borehole8,169,12.747514936311891
borehole8,170,12.733666684499621
borehole8,171,12.673545570792577
borehole8,172,12.675789727229755
borehole8,173,12.641392617696214
borehole8,174,12.615789576969204
borehole8,175,12.603141482469692
borehole8,176,12.605231491949592
borehole8,177,12.59853838607828
borehole8,178,12.622318228220545
borehole8,179,12.606217653610038
borehole8,180,12.567341993947293
borehole8,181,12.563838988605431
borehole8,182,12.593544208598273
borehole8,183,12.574474925287577
borehole8,184,12.565491162325216
borehole8,185,12.5640289658868
borehole8,186,12.558443606197324
borehole8,187,12.562743076364404
borehole8,188,12.561705506000376
borehole8,189,12.58441902554674
borehole8,190,12.555652584143678
borehole8,191,12.553528145785979
borehole8,192,12.571072290522643
borehole8,193,12.552291010885602
borehole8,194,12.56141625561596
borehole8,195,12.56949685408091
borehole8,196,12.569998716311744
borehole8,197,12.559726374898476
borehole8,198,12.558250592874417
borehole8,199,12.53552458927574
borehole8,200,12.525622326921775
borehole8,40,7.548375493968073
borehole8,42,7.5233011771848
borehole8,44,7.4995480315985334
borehole8,46,7.364428723443364
borehole8,48,7.3313693675224965
borehole8,50,7.314741261692622
borehole8,52,7.220109121263228
borehole8,54,7.1795070945064285
borehole8,56,7.159060051429153
borehole8,58,7.140425413381283
borehole8,60,7.153198997574058
borehole8,62,7.122009766549215
borehole8,64,7.060426380075148
borehole8,66,7.000713210772153
borehole8,68,7.031297842998009
borehole8,70,6.960227049636454
borehole8,72,6.898173601585431
borehole8,74,6.804611465382726
borehole8,76,6.660037241296976
borehole8,78,6.543223929561695
borehole8,80,6.545585320543133
borehole8,82,6.517914750772659
borehole8,84,6.4858436080694215
borehole8,86,6.432708592941596
borehole8,88,6.439899266453704
borehole8,90,6.388178918605449
borehole8,92,6.327704732801931
borehole8,94,6.3095295166260295
borehole8,96,6.2360312840272245
borehole8,98,6.207342911698139
borehole8,100,6.20162539549653
borehole8,102,6.175992830397378
borehole8,104,6.117967237149098
borehole8,106,6.094144830768265
borehole8,108,6.085970723355132
borehole8,110,6.093575444680007
borehole8,112,6.078280728531412
borehole8,114,6.030547444730252
borehole8,116,5.984952454716484
borehole8,118,5.979118131207657
borehole8,120,5.956305397128837
borehole8,122,5.955540399656307
borehole8,124,5.907350602073058
borehole8,126,5.864209868809468
borehole8,128,5.8919579151097965
borehole8,130,5.897916450698943
borehole8,132,5.868783426886886
borehole8,134,5.872970138496128
borehole8,136,5.8417241826004
borehole8,138,5.830029790107584
borehole8,140,5.753110463634461
borehole8,142,5.714791745860384
borehole8,144,5.697591558488546
borehole8,146,5.68810959441307
borehole8,148,5.634236315672761
borehole8,150,5.641887443871574
borehole8,152,5.619185095122493
borehole8,154,5.616987991181461
borehole8,156,5.613257611085801
borehole8,158,5.593175535970937
borehole8,160,5.590796091397858
borehole8,162,5.601949716461022
borehole8,164,5.550423129866655
borehole8,166,5.530315045039632
borehole8,168,5.50583756485592
borehole8,170,5.548472053604443
borehole8,172,5.530022845439412
borehole8,174,5.477243937686254
borehole8,176,5.476835126459648
borehole8,178,5.471737694609597
borehole8,180,5.453179301237043
borehole8,182,5.477595041010411
borehole8,184,5.4201229585962665
borehole8,186,5.373841022512373
borehole8,188,5.378987547563842
borehole8,190,5.368149963218219
borehole8,192,5.360594782130807
borehole8,194,5.332019592522346
borehole8,196,5.286194905030343
borehole8,198,5.270992049705496
borehole8,200,5.252414196542489
borehole8,40,30.251395254731122
borehole8,41,29.921973071052975
borehole8,42,29.51054594256192
borehole8,43,29.126587374281257
borehole8,44,28.745411140230196
borehole8,45,28.4800257454592
borehole8,46,28.05813944699
borehole8,47,27.707675551643764
borehole8,48,27.598333835241185
borehole8,49,27.090200245838773
borehole8,50,26.89151213488674
borehole8,51,26.590552324826387
borehole8,52,26.18698687402678
borehole8,53,26.093769181910652
borehole8,54,25.779379721548388
borehole8,55,25.532945225185454
borehole8,56,25.27587909855816
borehole8,57,25.20578720420068
borehole8,58,24.966380450510364
borehole8,59,24.63238650823283
borehole8,60,24.313666638519386
borehole8,61,24.292245039827097
borehole8,62,24.050110756352076
borehole8,63,23.759419976527695
borehole8,64,23.39576502226677
borehole8,65,22.95593958560225
borehole8,66,22.915830972178412
borehole8,67,22.52501959975039
borehole8,68,22.63012598663219
borehole8,69,22.310907793561267
borehole8,70,22.243149024791354
borehole8,71,22.036370320672184
borehole8,72,21.80563277156513
borehole8,73,21.510746511225097
borehole8,74,21.260571445845496
borehole8,75,21.130900115984762
borehole8,76,20.835774045242076
borehole8,77,20.771945656738353
borehole8,78,20.605701345186336
borehole8,79,20.479459014912184
borehole8,80,20.289894673562976
borehole8,81,20.115281154984082
borehole8,82,19.964637873083564
borehole8,83,19.876899454991904
borehole8,84,19.57585752550636
borehole8,85,19.378188658952737
borehole8,86,19.312271516090107
borehole8,87,19.071993231887614
borehole8,88,19.0539062163615
borehole8,89,18.890484750051034
borehole8,90,18.225071702469346
borehole8,91,18.080258737270416
borehole8,92,18.016327805862353
borehole8,93,17.837347542502958
borehole8,94,17.76110641295863
borehole8,95,17.395580017211195
borehole8,96,17.187291756170172
borehole8,97,17.17178289766597
borehole8,98,17.08367662902415
borehole8,99,17.053500644945267
borehole8,100,16.893792972814243
borehole8,101,16.834199963295056
borehole8,102,16.81087637681607
borehole8,103,16.636984766656592
borehole8,104,16.587625647884536
borehole8,105,16.52457441534459
borehole8,106,16.51104874710161
borehole8,107,16.54263575370457
borehole8,108,16.452232074236537
borehole8,109,16.380134112552152
borehole8,110,16.293654482410123
borehole8,111,16.175796984684368
borehole8,112,16.113216732851097
borehole8,113,16.08807505279297
borehole8,114,15.754276147414846
borehole8,115,15.751062400607024
borehole8,116,15.782600145633708
borehole8,117,15.572812615447596
borehole8,118,15.402024920768708
borehole8,119,15.308863319568458
borehole8,120,15.353158008981145
borehole8,121,15.29584330815013
borehole8,122,15.17437420575677
borehole8,123,15.089972657531405
borehole8,124,15.062307537393435
borehole8,125,15.07633492253231
borehole8,126,15.060612827670981
borehole8,127,15.012534388426708
borehole8,128,14.902851832886267
borehole8,129,14.884034596943435
borehole8,130,14.770836007276982
borehole8,131,14.653202972432416
borehole8,132,14.569508087783325
borehole8,133,14.464877045990992
borehole8,134,14.498269255974835
borehole8,135,14.374270612363421
borehole8,136,14.346885082367093
borehole8,137,14.247136504412898
borehole8,138,14.235335943420923
borehole8,139,14.116942810691434
borehole8,140,14.016166671238215
borehole8,141,14.031269986445505
borehole8,142,14.036357055005665
borehole8,143,13.98369523312007
borehole8,144,13.850413617872064
borehole8,145,13.846119879676584
borehole8,146,13.804670994081468
borehole8,147,13.767699514031843
borehole8,148,13.770884210703898
borehole8,149,13.697070560050667
borehole8,150,13.653964967957744
borehole8,151,13.653079244529819
borehole8,152,13.602266944844281
borehole8,153,13.567609635059052
borehole8,154,13.5398765010822
borehole8,155,13.491509661869863
borehole8,156,13.409490299295376
borehole8,157,13.433753295440164
borehole8,158,13.4646404677566
borehole8,159,13.429952172248111
borehole8,160,13.366125082190763
borehole8,161,13.333524970954734
borehole8,162,13.27033512956718
borehole8,163,13.25393610784063
borehole8,164,13.268592072470971
borehole8,165,13.27077321303207
borehole8,166,13.27895485708592
borehole8,167,13.309914043672347
borehole8,168,13.261458600846943
borehole8,169,13.289077559095235
borehole8,170,13.23286708033107
borehole8,171,13.221851019045602
borehole8,172,13.192358613693855
borehole8,173,13.177152765840896
borehole8,174,13.193945790226504
borehole8,175,13.127050418054441
borehole8,176,13.160044438458193
borehole8,177,13.205591174682823
borehole8,178,13.168970583382233
borehole8,179,13.036065975785087
borehole8,180,13.03916649361016
borehole8,181,13.009427919610284
borehole8,182,12.998513707293117
borehole8,183,12.965042226723513
borehole8,184,12.923592887876127
borehole8,185,12.942982409200843
borehole8,186,12.94332085601422
borehole8,187,12.976755536851856
borehole8,188,12.97850751945115
borehole8,189,12.964622138084415
borehole8,190,12.956087461593414
borehole8,191,12.923601930842642
borehole8,192,12.850866328740329
borehole8,193,12.807919168663977
borehole8,194,12.77997820685258
borehole8,195,12.812013976115846
borehole8,196,12.744510707119685
borehole8,197,12.664596819929297
borehole8,198,12.631647340794824
borehole8,199,12.594068420696024
borehole8,200,12.559513700831172
borehole8,40,12.151281770742056
borehole8,41,11.976865724751033
borehole8,42,12.158646893513186
borehole8,43,12.08642908190852
borehole8,44,12.460076172577498
borehole8,45,12.307498230587774
borehole8,46,12.157944884659281
borehole8,47,12.147722081342373
borehole8,48,12.141895868537322
borehole8,49,12.168464398240818
borehole8,50,12.227993519018783
borehole8,51,12.267688332189968
borehole8,52,12.251281649893505
borehole8,53,12.212306701498674
borehole8,54,12.17613176624581
borehole8,55,12.159035977129767
borehole8,56,12.154602792230799
borehole8,57,12.181803569699929
borehole8,58,12.166372299208744
borehole8,59,12.224461866899908
borehole8,60,12.185496656605142
borehole8,61,12.228876713490099
borehole8,62,12.235016818662666
borehole8,63,12.229525678848653
borehole8,64,12.268266393548341
borehole8,65,12.132348940049622
borehole8,66,12.133265499970245
borehole8,67,12.2807055080459
borehole8,68,12.292162172375905
borehole8,69,12.322855145169441
borehole8,70,12.316563719253988
borehole8,71,12.327504598867726
borehole8,72,12.437472346026663
borehole8,73,12.485824495330105
borehole8,74,12.537569082368563
borehole8,75,12.456627107196594
borehole8,76,12.42616939343761
borehole8,77,12.44324772190639
borehole8,78,12.469422537990223
borehole8,79,12.47288605919893
borehole8,80,12.529054934074168
borehole8,81,12.524030225370625
borehole8,82,12.484397289083912
borehole8,83,12.548251619203919
borehole8,84,12.527166275898196
borehole8,85,12.611741020743432
borehole8,86,12.543594023503928
borehole8,87,12.477747460277003
borehole8,88,12.48191681812184
borehole8,89,12.559774578085237
borehole8,90,12.745850329753866
borehole8,91,12.671845438427026
borehole8,92,12.679774265592002
borehole8,93,12.60860679431569
borehole8,94,12.630172078761916
borehole8,95,12.574826523255659
borehole8,96,12.581288929211297
borehole8,97,12.602468692503344
borehole8,98,12.592492341945317
borehole8,99,12.598705625898104
borehole8,100,12.577533573146779
borehole8,101,12.584074368672786
borehole8,102,12.597694523771624
borehole8,103,12.547177584343602
borehole8,104,12.491835131943827
borehole8,105,12.429899887683389
borehole8,106,12.437984393976125
borehole8,107,12.448847756062124
borehole8,108,12.534171552762954
borehole8,109,12.53587087896663
borehole8,110,12.530449156893688
borehole8,111,12.503380473832216
borehole8,112,12.443445014286045
borehole8,113,12.464386676520816
borehole8,114,12.507100426661044
borehole8,115,12.463542643927632
borehole8,116,12.462852541676272
borehole8,117,12.404018658069875
borehole8,118,12.396255616074171
borehole8,119,12.38088342494164
borehole8,120,12.352011567998364
borehole8,121,12.38322740476102
borehole8,122,12.404249980228515
borehole8,123,12.33431450009294
borehole8,124,12.322361706984742
borehole8,125,12.311248969015624
borehole8,126,12.295288073287105
borehole8,127,12.285052232848109
borehole8,128,12.28658559413702
borehole8,129,12.294513854022167
borehole8,130,12.26528313472063
borehole8,131,12.218509597857214
borehole8,132,12.189761684012916
borehole8,133,12.142719463431444
borehole8,134,12.145295582684684
borehole8,135,12.090946296976217
borehole8,136,12.111518797526127
borehole8,137,12.081248838481248
borehole8,138,12.08555822706778
borehole8,139,12.080370333189064
borehole8,140,12.047086404194731
borehole8,141,12.086040909044975
borehole8,142,12.08782260847457
borehole8,143,12.103873585537285
borehole8,144,12.104939548173618
borehole8,145,12.100296757930339
borehole8,146,12.076095862191709
borehole8,147,12.072293210607288
borehole8,148,12.07246495648956
borehole8,149,12.067198555643621
borehole8,150,12.114086958691557
borehole8,151,12.1233889338271
borehole8,152,12.121721520816115
borehole8,153,12.078488810168245
borehole8,154,12.022387321197352
borehole8,155,12.002564087617042
borehole8,156,12.049999416720855
borehole8,157,12.06370020193274
borehole8,158,12.097312006224644
borehole8,159,12.07884751331201
borehole8,160,12.110522962298694
borehole8,161,12.10149255121426
borehole8,162,12.109289844531986
borehole8,163,12.109962287565624
borehole8,164,12.092562164268065
borehole8,165,12.09076502824173
borehole8,166,12.087506891227594
borehole8,167,12.063738819473278
borehole8,168,12.053535449631488
borehole8,169,11.977192466501457
borehole8,170,11.966407467865068
borehole8,171,11.976038841704606
borehole8,172,11.91407526760965
borehole8,173,11.91591285007568
borehole8,174,11.903262121887376
borehole8,175,11.888695010184543
borehole8,176,11.878400342022292
borehole8,177,11.887484926772531
borehole8,178,11.880714143131211
borehole8,179,11.882024818481419
borehole8,180,11.898461009170042
borehole8,181,11.91756589689315
borehole8,182,11.923244588833217
borehole8,183,11.931665642598665
borehole8,184,11.925084520957565
borehole8,185,11.937868979675175
borehole8,186,11.930309915005125
borehole8,187,11.942064119299415
borehole8,188,11.933674779300151
borehole8,189,11.92547418833342
borehole8,190,11.923433037438897
borehole8,191,11.902795275663275
borehole8,192,11.917654322057052
borehole8,193,11.90016946858926
borehole8,194,11.890005809052878
borehole8,195,11.892810140300087
borehole8,196,11.86506426543042
borehole8,197,11.829222997704468
borehole8,198,11.825284290112528
borehole8,199,11.784104087083257
borehole8,200,11.796162391360738
borehole8,40,12.991566094756436
borehole8,41,12.742684040977798
borehole8,42,12.853091266785274
borehole8,43,12.74240634898717
borehole8,44,13.023543512161538
borehole8,45,12.814877328874026
borehole8,46,12.68074237316482
borehole8,47,12.661403843628637
borehole8,48,12.650879981326812
borehole8,49,12.71028644452241
borehole8,50,12.774039523624788
borehole8,51,12.833615947077952
borehole8,52,12.853868340339499
borehole8,53,12.81578639312731
borehole8,54,12.806940935101863
borehole8,55,12.798671212292275
borehole8,56,12.76797184991878
borehole8,57,12.791964574818047
borehole8,58,12.792438523269452
borehole8,59,12.819218638203369
borehole8,60,12.79900694375774
borehole8,61,12.837194629748243
borehole8,62,12.845070682226755
borehole8,63,12.817264726456806
borehole8,64,12.8349021789651
borehole8,65,12.721590442050994
borehole8,66,12.715115739970559
borehole8,67,12.806192085521813
borehole8,68,12.815984465431146
borehole8,69,12.833410678825674
borehole8,70,12.822271607879072
borehole8,71,12.863239290549192
borehole8,72,12.8728296173535
borehole8,73,12.875944619212202
borehole8,74,12.918284257872568
borehole8,75,12.862692374189747
borehole8,76,12.852650729848044
borehole8,77,12.861385631817766
borehole8,78,12.894230224223497
borehole8,79,12.913560700499747
borehole8,80,12.964477484583528
borehole8,81,12.97422269655417
borehole8,82,12.960792126047112
borehole8,83,13.012836999969887
borehole8,84,13.002850780123849
borehole8,85,13.05975500080824
borehole8,86,13.002829494036243
borehole8,87,12.944051194942691
borehole8,88,12.9355585844127
borehole8,89,13.01171414519899
borehole8,90,13.006063757946565
borehole8,91,12.950130844204635
borehole8,92,12.9542711804462
borehole8,93,12.891720366479603
borehole8,94,12.88324881283203
borehole8,95,12.839411458451401
borehole8,96,12.851729199436413
borehole8,97,12.873208587699576
borehole8,98,12.865590929234413
borehole8,99,12.851090083033645
borehole8,100,12.841180938471522
borehole8,101,12.840995823050228
borehole8,102,12.855491144082777
borehole8,103,12.826331306769932
borehole8,104,12.765339092399188
borehole8,105,12.723185449079676
borehole8,106,12.73190446228401
borehole8,107,12.74241691778222
borehole8,108,12.819559354648833
borehole8,109,12.817507449563504
borehole8,110,12.815923307511985
borehole8,111,12.802783176309143
borehole8,112,12.739871029779524
borehole8,113,12.762925017884589
borehole8,114,12.795690431079668
borehole8,115,12.747761095379305
borehole8,116,12.739803388007731
borehole8,117,12.69293372949882
borehole8,118,12.682533037346438
borehole8,119,12.684102787948643
borehole8,120,12.652083955044361
borehole8,121,12.682796244723182
borehole8,122,12.70147007815344
borehole8,123,12.647665653329614
borehole8,124,12.630140510541139
borehole8,125,12.620443450264126
borehole8,126,12.595515641431838
borehole8,127,12.583992948079786
borehole8,128,12.59241236464681
borehole8,129,12.598670117437974
borehole8,130,12.576587759298263
borehole8,131,12.542016169550386
borehole8,132,12.52217542184851
borehole8,133,12.485705948488032
borehole8,134,12.488815979556215
borehole8,135,12.44928545933862
borehole8,136,12.462882389209916
borehole8,137,12.443008193705205
borehole8,138,12.450387813239677
borehole8,139,12.451848929726527
borehole8,140,12.420515517648992
borehole8,141,12.458694281725663
borehole8,142,12.451686086269541
borehole8,143,12.462644654882858
borehole8,144,12.467787587190378
borehole8,145,12.456572990197568
borehole8,146,12.44294576010045
borehole8,147,12.440004976103157
borehole8,148,12.437647347777043
borehole8,149,12.43286154976292
borehole8,150,12.457532595698924
borehole8,151,12.459735471307807
borehole8,152,12.470080947396015
borehole8,153,12.438507059497082
borehole8,154,12.393937431936553
borehole8,155,12.379118902598119
borehole8,156,12.424709460887016
borehole8,157,12.435782198979284
borehole8,158,12.458293978554478
borehole8,159,12.453766127287349
borehole8,160,12.483707311832623
borehole8,161,12.477212628390998
borehole8,162,12.48174245283917
borehole8,163,12.48378230920014
borehole8,164,12.463612774161717
borehole8,165,12.462110737393266
borehole8,166,12.451315869307885
borehole8,167,12.442325126195067
borehole8,168,12.43387866551023
borehole8,169,12.370275175459494
borehole8,170,12.365003432596898
borehole8,171,12.365513576671566
borehole8,172,12.311763525199265
borehole8,173,12.310593841485046
borehole8,174,12.302458691707564
borehole8,175,12.288756469616224
borehole8,176,12.282979242062801
borehole8,177,12.293112702367436
borehole8,178,12.287766984295374
borehole8,179,12.29603944903511
borehole8,180,12.310202171761595
borehole8,181,12.33025237343382
borehole8,182,12.329452731680963
borehole8,183,12.339861562696335
borehole8,184,12.336362545357868
borehole8,185,12.345905929088332
borehole8,186,12.3396050702224
borehole8,187,12.352569758684812
borehole8,188,12.343446516039405
borehole8,189,12.333363209895227
borehole8,190,12.327386641634721
borehole8,191,12.3123350845412
borehole8,192,12.332743920489566
borehole8,193,12.319465863226426
borehole8,194,12.312724671574369
borehole8,195,12.315798751795894
borehole8,196,12.293390508478595
borehole8,197,12.270008662413618
borehole8,198,12.26206764175348
borehole8,199,12.235215463437047
borehole8,200,12.243469330118913
borehole8,40,7.854815947980245
borehole8,42,7.853590401285698
borehole8,44,7.823878551716279
borehole8,46,7.729353378748168
borehole8,48,7.708420017061094
borehole8,50,7.572514843499034
borehole8,52,7.47480977080133
borehole8,54,7.4190588635729044
borehole8,56,7.384641065403775
borehole8,58,7.323195611026364
borehole8,60,7.339789293300992
borehole8,62,7.257124148950382
borehole8,64,7.199010818238918
borehole8,66,7.206396080139806
borehole8,68,7.217048538255785
borehole8,70,7.176235313804838
borehole8,72,7.163610313032486
borehole8,74,7.109851459925957
borehole8,76,7.117233768288003
borehole8,78,7.076130648305063
borehole8,80,7.050012324886405
borehole8,82,6.974707449441797
borehole8,84,6.955671404408431
borehole8,86,6.926699201043251
borehole8,88,6.915462227295706
borehole8,90,6.874988466606654
borehole8,92,6.8675894972043015
borehole8,94,6.858943539653288
borehole8,96,6.853543150659186
borehole8,98,6.784206588139242
borehole8,100,6.773904030515581
borehole8,102,6.6838737725763275
borehole8,104,6.595690660422069
borehole8,106,6.563884081647751
borehole8,108,6.540098643528013
borehole8,110,6.504815538451814
borehole8,112,6.458763471856248
borehole8,114,6.427331713943246
borehole8,116,6.355407825424511
borehole8,118,6.3451454924614605
borehole8,120,6.311291649411702
borehole8,122,6.260154354819938
borehole8,124,6.212302892690693
borehole8,126,6.21745190468752
borehole8,128,6.201865241080091
borehole8,130,6.190870459240131
borehole8,132,6.160380855872569
borehole8,134,6.079552765118531
borehole8,136,6.041230596933563
borehole8,138,6.018506647214099
borehole8,140,6.0201186824643145
borehole8,142,6.018678429329057
borehole8,144,5.978551211070725
borehole8,146,5.970976264335565
borehole8,148,5.847490895983071
borehole8,150,5.752310466746814
borehole8,152,5.719341771461708
borehole8,154,5.652875912447286
borehole8,156,5.636538092978251
borehole8,158,5.616654311395823
borehole8,160,5.616378517909502
borehole8,162,5.608407677358359
borehole8,164,5.550211461679259
borehole8,166,5.541887976014535
borehole8,168,5.518845909788565
borehole8,170,5.465996814103979
borehole8,172,5.475463275019703
borehole8,174,5.464419933259148
borehole8,176,5.466751928183894
borehole8,178,5.466402718211744
borehole8,180,5.460052078468297
borehole8,182,5.448017048522929
borehole8,184,5.449273744303625
borehole8,186,5.413311079139058
borehole8,188,5.381065421612017
borehole8,190,5.345661683890904
borehole8,192,5.303593506428327
borehole8,194,5.280872200741909
borehole8,196,5.274375310486548
borehole8,198,5.273383548241125
borehole8,200,5.298757943144786
borehole8,40,31.05912341580948
borehole8,41,30.436722634498516
borehole8,42,30.32299172759077
borehole8,43,29.6215261288434
borehole8,44,29.097351534638936
borehole8,45,29.14437706513669
borehole8,46,28.647866807039996
borehole8,47,28.086563247882296
borehole8,48,27.807709847748132
borehole8,49,27.330948570062652
borehole8,50,26.887800091220093
borehole8,51,26.690429873581053
borehole8,52,26.644469799398465
borehole8,53,26.48884228214649
borehole8,54,26.108818902824872
borehole8,55,25.998753544129798
borehole8,56,25.675926088317066
borehole8,57,25.451103682185867
borehole8,58,25.051048834659426
borehole8,59,24.651947295963037
borehole8,60,24.51603774178805
borehole8,61,24.221448087156574
borehole8,62,24.003368338333168
borehole8,63,23.60655360198516
borehole8,64,23.440136850979908
borehole8,65,23.414549684693235
borehole8,66,23.37653171620567
borehole8,67,23.118189909700288
borehole8,68,22.793527196074727
borehole8,69,22.556314262871606
borehole8,70,22.500476708497615
borehole8,71,22.392564676937358
borehole8,72,22.102935789601936
borehole8,73,21.781434480028654
borehole8,74,21.73153872403053
borehole8,75,21.821773872673678
borehole8,76,21.50269254932012
borehole8,77,21.235110296237693
borehole8,78,21.032704058968417
borehole8,79,20.81454132252225
borehole8,80,20.716986047865113
borehole8,81,20.615580476255005
borehole8,82,20.393018422909787
borehole8,83,20.425424906130605
borehole8,84,20.126870538569612
borehole8,85,19.87005656724885
borehole8,86,19.856458075229895
borehole8,87,19.920713215529645
borehole8,88,19.916962221568284
borehole8,89,19.871806640965733
borehole8,90,19.849080939032046
borehole8,91,19.58497853764736
borehole8,92,19.259317728974967
borehole8,93,19.10758989367013
borehole8,94,18.85017658127661
borehole8,95,18.65165973408539
borehole8,96,18.413470999004684
borehole8,97,18.238857917931036
borehole8,98,18.10574228639462
borehole8,99,17.54710584313778
borehole8,100,17.295693945207386
borehole8,101,17.05753920824612
borehole8,102,17.083257231980706
borehole8,103,16.838618230068896
borehole8,104,16.86615889847566
borehole8,105,16.68709332834459
borehole8,106,16.68449129556261
borehole8,107,16.589554591238507
borehole8,108,16.47592873874497
borehole8,109,16.276544976375952
borehole8,110,16.27698752961496
borehole8,111,16.04590422928349
borehole8,112,16.0139667567371
borehole8,113,15.91404676974012
borehole8,114,15.750581275077225
borehole8,115,15.76815989463551
borehole8,116,15.708261907869334
borehole8,117,15.439246869235308
borehole8,118,15.332671435060602
borehole8,119,15.12641714059347
borehole8,120,15.148483488953127
borehole8,121,14.980456372111885
borehole8,122,14.793504101300565
borehole8,123,14.828939461466819
borehole8,124,14.674057159034934
borehole8,125,14.637367482342984
borehole8,126,14.499557309975122
borehole8,127,14.482689818983214
borehole8,128,14.489177095884234
borehole8,129,14.514464895745132
borehole8,130,14.529349415097256
borehole8,131,14.456764580239653
borehole8,132,14.35456231675144
borehole8,133,14.262344286820571
borehole8,134,14.214603339864553
borehole8,135,14.087891608260394
borehole8,136,13.959173854310711
borehole8,137,13.926657118690715
borehole8,138,13.879059864669076
borehole8,139,13.81687690121698
borehole8,140,13.801737300511492
borehole8,141,13.68807652636371
borehole8,142,13.64807115798541
borehole8,143,13.616174537613091
borehole8,144,13.58716641122726
borehole8,145,13.534223006049572
borehole8,146,13.473300980118598
borehole8,147,13.382691722390492
borehole8,148,13.45561951222027
borehole8,149,13.354185416111031
borehole8,150,13.420779125374745
borehole8,151,13.323154155681426
borehole8,152,13.224521158754023
borehole8,153,13.21765443241328
borehole8,154,13.20993790025445
borehole8,155,13.111527229588697
borehole8,156,13.099998197401097
borehole8,157,13.071704357835278
borehole8,158,13.131649008315462
borehole8,159,13.048738965017547
borehole8,160,13.031505311424548
borehole8,161,12.957999949214946
borehole8,162,12.866892912062113
borehole8,163,12.839079356559086
borehole8,164,12.80856597455809
borehole8,165,12.808128166347139
borehole8,166,12.807422576657487
borehole8,167,12.702170459619717
borehole8,168,12.68970094416138
borehole8,169,12.659761545258853
borehole8,170,12.631014521167392
borehole8,171,12.540593354537004
borehole8,172,12.53319694090433
borehole8,173,12.509259599157792
borehole8,174,12.464596067498015
borehole8,175,12.433019465763863
borehole8,176,12.411922689567117
borehole8,177,12.395274887703206
borehole8,178,12.380301933922722
borehole8,179,12.353577979363214
borehole8,180,12.340861642755039
borehole8,181,12.265234753773944
borehole8,182,12.301165415977215
borehole8,183,12.280412505152299
borehole8,184,12.276098452679038
borehole8,185,12.240510559635668
borehole8,186,12.264640720973052
borehole8,187,12.250659237837175
borehole8,188,12.240766868764345
borehole8,189,12.245159870528909
borehole8,190,12.213921402672835
borehole8,191,12.205273296818556
borehole8,192,12.205263569561145
borehole8,193,12.223037800973325
borehole8,194,12.159014745945088
borehole8,195,12.148918873783687
borehole8,196,12.156812355229555
borehole8,197,12.136862944783934
borehole8,198,12.136765144722018
borehole8,199,12.10438796246021
borehole8,200,12.096963829652484
borehole8,40,11.936519707104539
borehole8,41,11.842058843320176
borehole8,42,11.880108259339694
borehole8,43,11.846477081215747
borehole8,44,11.793446894716624
borehole8,45,11.989904806567171
borehole8,46,12.012014390672263
borehole8,47,12.291339503201959
borehole8,48,12.26532156066927
borehole8,49,12.514431120763897
borehole8,50,12.71146151829894
borehole8,51,12.747187208818657
borehole8,52,12.778278245389807
borehole8,53,12.866558378744609
borehole8,54,12.986971912845775
borehole8,55,12.749906031429944
borehole8,56,12.734406916967215
borehole8,57,12.594922947676421
borehole8,58,12.579646302045004
borehole8,59,12.377854026939664
borehole8,60,12.293756745496266
borehole8,61,12.25694546282611
borehole8,62,12.34510456126862
borehole8,63,12.373583773125192
borehole8,64,12.252606062597946
borehole8,65,12.298436398856113
borehole8,66,12.277931299305788
borehole8,67,12.332710135775315
borehole8,68,12.247699168041954
borehole8,69,12.136966138106336
borehole8,70,12.18920425804785
borehole8,71,12.281576534980854
borehole8,72,12.250636527112475
borehole8,73,12.388539657372103
borehole8,74,12.318159732847116
borehole8,75,12.315036936411753
borehole8,76,12.19568033529953
borehole8,77,12.121579736101864
borehole8,78,12.104652012643065
borehole8,79,12.088444182419233
borehole8,80,12.083448404650571
borehole8,81,12.06021315593391
borehole8,82,12.049375330064068
borehole8,83,12.078687792396988
borehole8,84,12.03355825405958
borehole8,85,12.096895742972341
borehole8,86,12.02862833120256
borehole8,87,11.984781363702373
borehole8,88,11.943920056604854
borehole8,89,11.970530435460182
borehole8,90,11.976956884279467
borehole8,91,11.981966364193074
borehole8,92,12.069589833070948
borehole8,93,12.036170747987732
borehole8,94,12.09072113574032
borehole8,95,12.192540897490288
borehole8,96,12.208826505786163
borehole8,97,12.159658499899031
borehole8,98,12.148131496660167
borehole8,99,12.080586820316718
borehole8,100,12.038500424655625
borehole8,101,11.985697939703236
borehole8,102,11.929206600714178
borehole8,103,12.00787403518599
borehole8,104,11.989552542769518
borehole8,105,12.011017228895053
borehole8,106,12.058203319812351
borehole8,107,12.032038100803828
borehole8,108,12.028321656445417
borehole8,109,11.98108387048194
borehole8,110,11.907519282439532
borehole8,111,11.795973209047673
borehole8,112,11.79635748487393
borehole8,113,11.897101628389043
borehole8,114,11.9350720320918
borehole8,115,11.93338114541863
borehole8,116,11.950974558971714
borehole8,117,11.9642223035015
borehole8,118,12.001567976083042
borehole8,119,11.962920890586737
borehole8,120,11.915463806994264
borehole8,121,11.91108199527536
borehole8,122,11.93540688266587
borehole8,123,11.891950253947627
borehole8,124,11.884821033909384
borehole8,125,11.894018623638242
borehole8,126,11.919381152966832
borehole8,127,11.890248276593429
borehole8,128,11.86641417457574
borehole8,129,11.861377131395926
borehole8,130,11.868314491081291
borehole8,131,11.901158618978048
borehole8,132,11.998265766006858
borehole8,133,11.976861567174854
borehole8,134,11.964554383083856
borehole8,135,11.980037899309583
borehole8,136,12.01825256115023
borehole8,137,12.009589385973348
borehole8,138,12.053715106652032
borehole8,139,12.072978521992722
borehole8,140,12.078476552448256
borehole8,141,12.11997221636098
borehole8,142,12.110372872004985
borehole8,143,12.105617683130934
borehole8,144,12.108893384943308
borehole8,145,12.11079934320349
borehole8,146,12.10748071929667
borehole8,147,12.120204326361685
borehole8,148,12.138327595099032
borehole8,149,12.121100417004042
borehole8,150,12.107639209356241
borehole8,151,12.043873528612203
borehole8,152,11.958869622389187
borehole8,153,11.953417355206438
borehole8,154,11.945178656894901
borehole8,155,11.92892310626666
borehole8,156,11.98442641552218
borehole8,157,11.980855071343825
borehole8,158,11.967373863571868
borehole8,159,11.947321424432646
borehole8,160,11.957428097660989
borehole8,161,11.934055569774431
borehole8,162,11.956585659402435
borehole8,163,11.951838640782176
borehole8,164,11.962031502667966
borehole8,165,11.966701964190113
borehole8,166,11.969597152176886
borehole8,167,11.939940208223712
borehole8,168,11.947718996873261
borehole8,169,11.95715988073494
borehole8,170,11.920099657363771
borehole8,171,11.89556424641496
borehole8,172,11.95878463792224
borehole8,173,11.938621773226203
borehole8,174,11.929935541255485
borehole8,175,11.929674083616
borehole8,176,11.913222128478495
borehole8,177,11.876246883184443
borehole8,178,11.875742878929513
borehole8,179,11.869491413445333
borehole8,180,11.881256362005743
borehole8,181,11.92078132587475
borehole8,182,11.93536348671536
borehole8,183,11.931761277414868
borehole8,184,11.916073954848825
borehole8,185,11.893745260602918
borehole8,186,11.898817709670544
borehole8,187,11.88241059071354
borehole8,188,11.918487676409034
borehole8,189,11.915109006363375
borehole8,190,11.907763501038904
borehole8,191,11.892921080465989
borehole8,192,11.90507134405502
borehole8,193,11.918427488152428
borehole8,194,11.899592446414012
borehole8,195,11.928690839293857
borehole8,196,11.90199210126156
borehole8,197,11.875528873254394
borehole8,198,11.87571231281552
borehole8,199,11.880440037775
borehole8,200,11.873726561252056
borehole8,40,12.959167633434177
borehole8,41,12.913346192131032
borehole8,42,12.955524252559812
borehole8,43,12.949669823482118
borehole8,44,12.912133046155018
borehole8,45,13.025985297747622
borehole8,46,13.000653350538295
borehole8,47,13.128181162664914
borehole8,48,13.104223019280585
borehole8,49,13.31295998714449
borehole8,50,13.464495065711766
borehole8,51,13.511077998431977
borehole8,52,13.479779250236414
borehole8,53,13.559596740959845
borehole8,54,13.589655652116164
borehole8,55,13.325082516333412
borehole8,56,13.345538542217101
borehole8,57,13.245492438045039
borehole8,58,13.243467086996967
borehole8,59,13.053214595586805
borehole8,60,12.973217211002027
borehole8,61,12.971076776635643
borehole8,62,13.046986861289854
borehole8,63,13.021175831292622
borehole8,64,12.893831249149192
borehole8,65,12.939403944543233
borehole8,66,12.896647060785547
borehole8,67,12.949329563771053
borehole8,68,12.859657101668938
borehole8,69,12.776210278673265
borehole8,70,12.830828103997874
borehole8,71,12.905746722960961
borehole8,72,12.898832193845026
borehole8,73,13.012679697461975
borehole8,74,12.933207951290767
borehole8,75,12.91802763629612
borehole8,76,12.81971181158687
borehole8,77,12.756856032014573
borehole8,78,12.767057501134314
borehole8,79,12.775817273325204
borehole8,80,12.772888261319492
borehole8,81,12.764678607913647
borehole8,82,12.749766389896616
borehole8,83,12.78015833408024
borehole8,84,12.736972675906639
borehole8,85,12.788443852281318
borehole8,86,12.713879325539681
borehole8,87,12.651073206162057
borehole8,88,12.59548078013638
borehole8,89,12.625964757214154
borehole8,90,12.6072710695035
borehole8,91,12.631266354212718
borehole8,92,12.677696333506328
borehole8,93,12.655308367850758
borehole8,94,12.712162737454793
borehole8,95,12.728431153680472
borehole8,96,12.75955774876553
borehole8,97,12.718128954220969
borehole8,98,12.719123783248794
borehole8,99,12.682893683789807
borehole8,100,12.660383145695098
borehole8,101,12.619695662834806
borehole8,102,12.559500466901591
borehole8,103,12.617689345459942
borehole8,104,12.592412618160443
borehole8,105,12.61227344009587
borehole8,106,12.64736496676187
borehole8,107,12.644688288571961
borehole8,108,12.662233662976938
borehole8,109,12.61259898207669
borehole8,110,12.533544101149886
borehole8,111,12.433398920048191
borehole8,112,12.418567395920578
borehole8,113,12.449724095867047
borehole8,114,12.48992012777641
borehole8,115,12.479851251602561
borehole8,116,12.497983882418545
borehole8,117,12.500137702814127
borehole8,118,12.537564188170727
borehole8,119,12.513092992367756
borehole8,120,12.46224996008053
borehole8,121,12.469631931208012
borehole8,122,12.480317640556702
borehole8,123,12.427160749824576
borehole8,124,12.426352413487384
borehole8,125,12.432333832521973
borehole8,126,12.46247788932196
borehole8,127,12.416078738187661
borehole8,128,12.38358040769364
borehole8,129,12.368107853674283
borehole8,130,12.361624698232854
borehole8,131,12.387087314135458
borehole8,132,12.471722352267124
borehole8,133,12.458846049100197
borehole8,134,12.447094884408935
borehole8,135,12.46281260318938
borehole8,136,12.494383689362987
borehole8,137,12.485343021214543
borehole8,138,12.521586737633566
borehole8,139,12.540005122960114
borehole8,140,12.53916245715928
borehole8,141,12.577975160533564
borehole8,142,12.570295824992899
borehole8,143,12.567945471355813
borehole8,144,12.560922930322407
borehole8,145,12.563043428659867
borehole8,146,12.549809975304562
borehole8,147,12.568955480298376
borehole8,148,12.588450095368376
borehole8,149,12.58218121337007
borehole8,150,12.569106129284659
borehole8,151,12.510323199555113
borehole8,152,12.434096196669838
borehole8,153,12.430168565865698
borehole8,154,12.429342970006552
borehole8,155,12.416057986059343
borehole8,156,12.474001722184296
borehole8,157,12.47010058218436
borehole8,158,12.447128321731824
borehole8,159,12.436928156779622
borehole8,160,12.437094923594099
borehole8,161,12.421618952327576
borehole8,162,12.436002972011337
borehole8,163,12.434427087313003
borehole8,164,12.447730754760672
borehole8,165,12.443158693607968
borehole8,166,12.445132427015649
borehole8,167,12.42051620746542
borehole8,168,12.428754063789965
borehole8,169,12.443838982921198
borehole8,170,12.41389444420409
borehole8,171,12.39699513833326
borehole8,172,12.463638161092568
borehole8,173,12.450981800253206
borehole8,174,12.453050307667533
borehole8,175,12.456960775881534
borehole8,176,12.435477792449941
borehole8,177,12.407864713644802
borehole8,178,12.40589786617505
borehole8,179,12.411526786937984
borehole8,180,12.407668834669451
borehole8,181,12.444063832313716
borehole8,182,12.457975074035712
borehole8,183,12.452865748228836
borehole8,184,12.444707485625047
borehole8,185,12.435794819240636
borehole8,186,12.437324096675024
borehole8,187,12.420233586647804
borehole8,188,12.455946375255907
borehole8,189,12.44589880257201
borehole8,190,12.443074973012845
borehole8,191,12.433522952592263
borehole8,192,12.4423497830577
borehole8,193,12.455930691721969
borehole8,194,12.443749839850865
borehole8,195,12.463887971652225
borehole8,196,12.421986402387313
borehole8,197,12.393476613204507
borehole8,198,12.386582492683198
borehole8,199,12.396683142841834
borehole8,200,12.390202369574158
